id,project_id,file_name,file_type,status
1,1,Code List for articel Racialisation and counter-radicalisation.xlsx,xlsx,SUCCESS
2,1,Interview topic list chapter 4,,SUCCESS
3,1,List of policy documents analysed for chapter 3.docx,docx,SUCCESS
4,1,List of policy documents analysed in chapter 4.docx,docx,SUCCESS
5,1,README.txt,txt,SUCCESS
6,1,SG - CR NL Coded data Rijksoverheid.atlproj,atlproj,SUCCESS
7,1,Topic list interviews chapter 3.docx,docx,SUCCESS
8,2,Masterthesis Sjim.nvpx,nvpx,RESTRICTED
9,3,200417_Teamdiscussion - Audio diaries 2020 - Code List.xlsx,xlsx,RESTRICTED
10,3,200417_Teamdiscussion - Audio diaries.pdf,pdf,RESTRICTED
11,3,200417_Teamdiscussion - Synopsis.docx,docx,RESTRICTED
12,3,200501_Teamdiscussion - Introduction_optie A.docx,docx,RESTRICTED
13,3,200501_Teamdiscussion - Introduction_optie B.docx,docx,RESTRICTED
14,3,200501_Teamdiscussion - Synopsis.docx,docx,RESTRICTED
15,3,200503_Crossreads - crosscheck - Code List.xlsx,xlsx,RESTRICTED
16,3,200503_Crossreads - crosscheck - Code Manager.xlsx,xlsx,RESTRICTED
17,3,200503_Crossreads - Crossread - 1.docx,docx,RESTRICTED
18,3,200503_Crossreads - Crossread - 2.docx,docx,RESTRICTED
19,3,200503_Crossreads - Crossread - 3.docx,docx,RESTRICTED
20,3,200503_Crossreads - Crossread - 4.docx,docx,RESTRICTED
21,3,200503_Crossreads - Crossread - 5.docx,docx,RESTRICTED
22,3,200503_Crossreads - Crossread - 6.docx,docx,RESTRICTED
23,3,200503_Crossreads - Crossread - 7.docx,docx,RESTRICTED
24,3,200503_Crossreads - Crossread - 8.docx,docx,RESTRICTED
25,3,200515_Membercheck - Crossread - 1.pdf,pdf,RESTRICTED
26,3,200515_Membercheck - Crossread - 8.pdf,pdf,RESTRICTED
27,3,200515_Membercheck - Introduction.docx,docx,RESTRICTED
28,3,200515_Membercheck - Miriam Audio Diaries.xlsx,xlsx,RESTRICTED
29,3,2006001 Membercheck - A. differences in practice.png,png,RESTRICTED
30,3,2006001 Membercheck - B. different approaches to practice.png,png,RESTRICTED
31,3,2006001 Membercheck - C. learning experience.png,png,RESTRICTED
32,3,2006001 Membercheck  - Initial findings.docx,docx,RESTRICTED
33,3,200605 Team discussion - Draft results.docx,docx,RESTRICTED
34,3,200605 Team discussion - Miriam_Initial findings.docx,docx,RESTRICTED
35,3,200607 Team - Results.docx,docx,RESTRICTED
36,3,200619 Team discussion - Results.docx,docx,RESTRICTED
37,3,201007 Team discussion - Results.docx,docx,RESTRICTED
38,3,201018 Team - Results.docx,docx,RESTRICTED
39,3,201018 Team - Revised model.pdf,pdf,RESTRICTED
40,3,201104 Team discussion - Manuscript.docx,docx,RESTRICTED
41,3,201104 Team Discussion - Model revision.docx,docx,RESTRICTED
42,3,Audio entry - 10-1.m4a,m4a,RESTRICTED
43,3,Audio entry - 10-2.m4a,m4a,RESTRICTED
44,3,Audio entry - 10-3.m4a,m4a,RESTRICTED
45,3,Audio entry - 10-4.m4a,m4a,RESTRICTED
46,3,Audio entry - 10-5.m4a,m4a,RESTRICTED
47,3,Audio entry - 10-6.m4a,m4a,RESTRICTED
48,3,Audio entry - 10-7.m4a,m4a,RESTRICTED
49,3,Audio entry - 10-8.m4a,m4a,RESTRICTED
50,3,Audio entry - 11-1.m4a,m4a,RESTRICTED
51,3,Audio entry - 11-2.m4a,m4a,RESTRICTED
52,3,Audio entry - 11-3.m4a,m4a,RESTRICTED
53,3,Audio entry - 11-4.m4a,m4a,RESTRICTED
54,3,Audio entry - 11-5.m4a,m4a,RESTRICTED
55,3,Audio entry - 11-6.m4a,m4a,RESTRICTED
56,3,Audio entry - 11-7.m4a,m4a,RESTRICTED
57,3,Audio entry - 11-8.m4a,m4a,RESTRICTED
58,3,Audio entry - 1-1.m4a,m4a,RESTRICTED
59,3,Audio entry - 12-1a.m4a,m4a,RESTRICTED
60,3,Audio entry - 12-1b.m4a,m4a,RESTRICTED
61,3,Audio entry - 12-1c.m4a,m4a,RESTRICTED
62,3,Audio entry - 12-2.m4a,m4a,RESTRICTED
63,3,Audio entry - 12-3.m4a,m4a,RESTRICTED
64,3,Audio entry - 12-4.m4a,m4a,RESTRICTED
65,3,Audio entry - 12-5.m4a,m4a,RESTRICTED
66,3,Audio entry - 12-6a.m4a,m4a,RESTRICTED
67,3,Audio entry - 12-6b.m4a,m4a,RESTRICTED
68,3,Audio entry - 12-7.m4a,m4a,RESTRICTED
69,3,Audio entry - 12-8.m4a,m4a,RESTRICTED
70,3,Audio entry - 1-2.m4a,m4a,RESTRICTED
71,3,Audio entry - 13-1.m4a,m4a,RESTRICTED
72,3,Audio entry - 13-2.m4a,m4a,RESTRICTED
73,3,Audio entry - 13-3.m4a,m4a,RESTRICTED
74,3,Audio entry - 1-3.m4a,m4a,RESTRICTED
75,3,Audio entry - 1-4.m4a,m4a,RESTRICTED
76,3,Audio entry - 1-5.m4a,m4a,RESTRICTED
77,3,Audio entry - 1-6.m4a,m4a,RESTRICTED
78,3,Audio entry - 1-7.m4a,m4a,RESTRICTED
79,3,Audio entry - 1-8.wav,wav,RESTRICTED
80,3,Audio entry - 2-1.m4a,m4a,RESTRICTED
81,3,Audio entry - 2-2.m4a,m4a,RESTRICTED
82,3,Audio entry - 2-3.m4a,m4a,RESTRICTED
83,3,Audio entry - 2-4.m4a,m4a,RESTRICTED
84,3,Audio entry - 2-5.m4a,m4a,RESTRICTED
85,3,Audio entry - 2-6.m4a,m4a,RESTRICTED
86,3,Audio entry - 2-7.m4a,m4a,RESTRICTED
87,3,Audio entry - 2-8.m4a,m4a,RESTRICTED
88,3,Audio entry - 3-1.m4a,m4a,RESTRICTED
89,3,Audio entry - 3-2.m4a,m4a,RESTRICTED
90,3,Audio entry - 3-3.m4a,m4a,RESTRICTED
91,3,Audio entry - 3-4a.wav,wav,RESTRICTED
92,3,Audio entry - 3-4b.wav,wav,RESTRICTED
93,3,Audio entry - 3-5.wav,wav,RESTRICTED
94,3,Audio entry - 3-6.wav,wav,RESTRICTED
95,3,Audio entry - 3-7.wav,wav,RESTRICTED
96,3,Audio entry - 3-8.wav,wav,RESTRICTED
97,3,Audio entry - 4-1.m4a,m4a,RESTRICTED
98,3,Audio entry - 4-2.m4a,m4a,RESTRICTED
99,3,Audio entry - 4-3.m4a,m4a,RESTRICTED
100,3,Audio entry - 4-4.m4a,m4a,RESTRICTED
101,3,Audio entry - 4-5.m4a,m4a,RESTRICTED
102,3,Audio entry - 4-6.m4a,m4a,RESTRICTED
103,3,Audio entry - 4-7.m4a,m4a,RESTRICTED
104,3,Audio entry - 4-8.m4a,m4a,RESTRICTED
105,3,Audio entry - 5-1.m4a,m4a,RESTRICTED
106,3,Audio entry - 5-2.m4a,m4a,RESTRICTED
107,3,Audio entry - 5-3.m4a,m4a,RESTRICTED
108,3,Audio entry - 5-4.m4a,m4a,RESTRICTED
109,3,Audio entry - 5-5.m4a,m4a,RESTRICTED
110,3,Audio entry - 5-6.m4a,m4a,RESTRICTED
111,3,Audio entry - 5-7.m4a,m4a,RESTRICTED
112,3,Audio entry - 5-8.m4a,m4a,RESTRICTED
113,3,Audio entry - 6-1.m4a,m4a,RESTRICTED
114,3,Audio entry - 6-2.m4a,m4a,RESTRICTED
115,3,Audio entry - 6-3.m4a,m4a,RESTRICTED
116,3,Audio entry - 6-4.m4a,m4a,RESTRICTED
117,3,Audio entry - 6-5.m4a,m4a,RESTRICTED
118,3,Audio entry - 6-6.m4a,m4a,RESTRICTED
119,3,Audio entry - 6-7.m4a,m4a,RESTRICTED
120,3,Audio entry - 6-8.m4a,m4a,RESTRICTED
121,3,Audio entry - 7-1.m4a,m4a,RESTRICTED
122,3,Audio entry - 7-2.m4a,m4a,RESTRICTED
123,3,Audio entry - 7-3.m4a,m4a,RESTRICTED
124,3,Audio entry - 7-4.m4a,m4a,RESTRICTED
125,3,Audio entry - 7-5.m4a,m4a,RESTRICTED
126,3,Audio entry - 7-6.m4a,m4a,RESTRICTED
127,3,Audio entry - 7-8.m4a,m4a,RESTRICTED
128,3,Audio entry - 8-1.m4a,m4a,RESTRICTED
129,3,Audio entry - 8-2.m4a,m4a,RESTRICTED
130,3,Audio entry - 8-3.m4a,m4a,RESTRICTED
131,3,Audio entry - 8-4.m4a,m4a,RESTRICTED
132,3,Audio entry - 8-5.m4a,m4a,RESTRICTED
133,3,Audio entry - 8-6.m4a,m4a,RESTRICTED
134,3,Audio entry - 8-7.m4a,m4a,RESTRICTED
135,3,Audio entry - 8-8.m4a,m4a,RESTRICTED
136,3,Audio entry - 9-1.m4a,m4a,RESTRICTED
137,3,Audio entry - 9-2.m4a,m4a,RESTRICTED
138,3,Audio entry - 9-3.m4a,m4a,RESTRICTED
139,3,Audio entry - 9-4.m4a,m4a,RESTRICTED
140,3,Audio entry - 9-5.m4a,m4a,RESTRICTED
141,3,Audio entry - 9-6.m4a,m4a,RESTRICTED
142,3,Audio entry - 9-7.m4a,m4a,RESTRICTED
143,3,Audio entry - 9-8.m4a,m4a,RESTRICTED
144,3,Audio entry - .m4a,m4a,RESTRICTED
145,3,Audio transcript_no10.docx,docx,RESTRICTED
146,3,Audio transcript_no11.docx,docx,RESTRICTED
147,3,Audio transcript_no12.docx,docx,RESTRICTED
148,3,Audio transcript_no1.docx,docx,RESTRICTED
149,3,Audio transcript_no2.docx,docx,RESTRICTED
150,3,Audio transcript_no3.docx,docx,RESTRICTED
151,3,Audio transcript_no4.docx,docx,RESTRICTED
152,3,Audio transcript_no5.docx,docx,RESTRICTED
153,3,Audio transcript_no6.docx,docx,RESTRICTED
154,3,Audio transcript_no7.docx,docx,RESTRICTED
155,3,Audio transcript_no8.docx,docx,RESTRICTED
156,3,Audio transcript_no9.docx,docx,RESTRICTED
157,3,Miriam Audio Diaries.atlproj,atlproj,RESTRICTED
158,3,Research protocol Study 2.docx,docx,RESTRICTED
159,3,Templates - A priori themes.xlsx,xlsx,RESTRICTED
160,3,Templates -  Coding process.pdf,pdf,RESTRICTED
161,3,Templates - Final template.xlsx,xlsx,RESTRICTED
162,3,Templates - Focused template.xlsx,xlsx,RESTRICTED
163,3,Templates - Initial template.xlsx,xlsx,RESTRICTED
164,3,Templates - Template analysis.docx,docx,RESTRICTED
165,3,Templates -  Template analysis.png,png,RESTRICTED
166,4,2022.05.16_14.pdf,pdf,RESTRICTED
167,4,2022.05.17_14.56.pdf,pdf,RESTRICTED
168,4,2022.05.25_10.pdf,pdf,RESTRICTED
169,4,20221021 - Analyse GT Groep 1.pdf,pdf,RESTRICTED
170,4,20221021 - Analyse GT Groep 2.pdf,pdf,RESTRICTED
171,4,20221021 - Analyse GT Groep 3.pdf,pdf,RESTRICTED
172,4,2025.05.17_14_(Groep2 met markering).pdf,pdf,RESTRICTED
173,4,Analysis Model 1e 1.pdf,pdf,RESTRICTED
174,4,Analysis Model 1e 2.pdf,pdf,RESTRICTED
175,4,Kennis & Gebruik 1 (Gabriel Taban 2025-04-25).qdpx,qdpx,RESTRICTED
176,4,Kennis & Gebruik 2 (Gabriel Taban 2025-04-25).qdpx,qdpx,RESTRICTED
177,4,Kennis & Gebruik 3 (Gabriel Taban 2025-04-25).qdpx,qdpx,RESTRICTED
178,4,Kennis & gebruik van leerstrategieën v1.csv,csv,RESTRICTED
179,4,Kennis & gebruik van leerstrategieën v2.csv,csv,RESTRICTED
180,4,Kennis & gebruik van leerstrategieën v3.csv,csv,RESTRICTED
181,4,Kennis & gebruik van leerstrategieën v4.csv,csv,RESTRICTED
182,5,Chapter 6 SDG Post-2015 Corpus.nvp,nvp,SUCCESS
183,6,Chapter 5 GFMD.nvp,nvp,SUCCESS
184,7,Chapter 7 IOM (NVivo 12).nvp,nvp,SUCCESS
185,8,Chapter 8 AbuZayd Report.nvp,nvp,SUCCESS
186,8,Chapter 8 Global Compacts.nvp,nvp,SUCCESS
187,9,Chapter 4 GFMD Chair Reports.nvp,nvp,SUCCESS
188,10,Study 4_Harsh Feedback.nvpx,nvpx,RESTRICTED
189,11,Study 3_Student Feedback to Teachers.nvpx,nvpx,RESTRICTED
190,12,Study 2_Incentives and Motivations.nvpx,nvpx,RESTRICTED
191,13,10. Par-10.pdf,pdf,RESTRICTED
192,13,11. Par-11.pdf,pdf,RESTRICTED
193,13,12. Par-12.pdf,pdf,RESTRICTED
194,13,13. Par-13.pdf,pdf,RESTRICTED
195,13,14. Par-14.pdf,pdf,RESTRICTED
196,13,15. Par-15.pdf,pdf,RESTRICTED
197,13,16. Par-16.pdf,pdf,RESTRICTED
198,13,17. Par-17.pdf,pdf,RESTRICTED
199,13,18. Par-18.pdf,pdf,RESTRICTED
200,13,19. Par-19.pdf,pdf,RESTRICTED
201,13,1. Par-1.pdf,pdf,RESTRICTED
202,13,20. Par-20.pdf,pdf,RESTRICTED
203,13,21. Par-21.pdf,pdf,RESTRICTED
204,13,22. Par-22.pdf,pdf,RESTRICTED
205,13,23. Par-23.pdf,pdf,RESTRICTED
206,13,24. Par-24.pdf,pdf,RESTRICTED
207,13,25. Par-25.pdf,pdf,RESTRICTED
208,13,26. Par-26.pdf,pdf,RESTRICTED
209,13,27. Par-27.pdf,pdf,RESTRICTED
210,13,28. Par-28.pdf,pdf,RESTRICTED
211,13,29. Par-29.pdf,pdf,RESTRICTED
212,13,2. Par-2.pdf,pdf,RESTRICTED
213,13,30. Par-30.pdf,pdf,RESTRICTED
214,13,31. Par-31.pdf,pdf,RESTRICTED
215,13,32. Par-32.pdf,pdf,RESTRICTED
216,13,33. Par-33.pdf,pdf,RESTRICTED
217,13,34&35. Par-34 & Par-35.pdf,pdf,RESTRICTED
218,13,36. Par-36.pdf,pdf,RESTRICTED
219,13,3. Par-3.pdf,pdf,RESTRICTED
220,13,4. Par-4.pdf,pdf,RESTRICTED
221,13,5. Par-5.pdf,pdf,RESTRICTED
222,13,6. Par-6.pdf,pdf,RESTRICTED
223,13,7. Par-7.pdf,pdf,RESTRICTED
224,13,8. Par-8.pdf,pdf,RESTRICTED
225,13,9. Par-9.pdf,pdf,RESTRICTED
226,13,Sahakian et al._Evidence based Managment Process_Codebook.pdf,pdf,RESTRICTED
227,13,Sahakian et al._Evidence based Managment Process_Consent Form.pdf,pdf,RESTRICTED
228,13,Sahakian et al._Evidence based Managment Process_Data Report.pdf,pdf,SUCCESS
229,13,Sahakian et al._Evidence based Managment Process_Interview Protocol.pdf,pdf,RESTRICTED
230,13,Sahakian et al._Evidence based Managment Process_Participant Demogrpahic.csv,csv,RESTRICTED
231,13,Tina Sahakian_Evidence based management process_Processed data_REFI QDA.qdpx,qdpx,RESTRICTED
232,14,Road to Consumption_Qualitative Data.nvp,nvp,RESTRICTED
233,15,Description study 3.docx,docx,SUCCESS
234,15,Instructie coderen.docx,docx,RESTRICTED
235,15,knip Transcriptie R10 SH2.doc,doc,RESTRICTED
236,15,Knip Transcriptie R11.docx,docx,RESTRICTED
237,15,Knip Transcriptie R12.docx,docx,RESTRICTED
238,15,knip Transcriptie R1 SH2.docx,docx,RESTRICTED
239,15,knip Transcriptie R2 SH2.docx,docx,RESTRICTED
240,15,knip Transcriptie R5 SH2.docx,docx,RESTRICTED
241,15,knip Transcriptie R6 SH2.docx,docx,RESTRICTED
242,15,knip Transcriptie R7 SH2.docx,docx,RESTRICTED
243,15,knip Transcriptie R8 SH2.docx,docx,RESTRICTED
244,15,Logboek.docx,docx,RESTRICTED
245,15,Study 3.atlproj,atlproj,RESTRICTED
246,16,s3 study_role_of_patient-2022-10-31T14-06.atlproj,atlproj,RESTRICTED
247,17,BMS curriculum study.atlproj,atlproj,RESTRICTED
248,17,BMS curriculum study - Code Manager version progression.xlsx,xlsx,RESTRICTED
249,17,BMS curriculum study - final code book with numbers_2020-02-05.xlsx,xlsx,RESTRICTED
250,17,Codeboeken_v1-tm-final.docx,docx,RESTRICTED
251,17,Curriculumhervorming_BMW.sav,sav,RESTRICTED
252,17,Study 4 data description file.docx,docx,SUCCESS
253,18,Axial coding.jpeg,jpeg,RESTRICTED
254,18,Clustering III.jpg,jpg,RESTRICTED
255,18,Clustering II.jpg,jpg,RESTRICTED
256,18,Clustering.jpg,jpg,RESTRICTED
257,18,Codes vragenlijst kwalitatief_SR.xlsx,xlsx,RESTRICTED
258,18,Questionnaire_results_2018-05-23.sav,sav,RESTRICTED
259,18,Resultaten vragenlijst volledig.xlsx,xlsx,RESTRICTED
260,18,Study 1 data description file.docx,docx,SUCCESS
261,18,Study strategies_AtlasFile_final.atlproj,atlproj,RESTRICTED
262,19,0_surplus_no_regen_oc_AD040_predominant.tif,tif,SUCCESS
263,19,0_surplus_no_regen_oc_AD070_predominant.tif,tif,SUCCESS
264,19,0_surplus_no_regen_oc_AD140_predominant.tif,tif,SUCCESS
265,19,0_surplus_no_regen_tr_AD040_predominant.tif,tif,SUCCESS
266,19,0_surplus_no_regen_tr_AD070_predominant.tif,tif,SUCCESS
267,19,0_surplus_no_regen_tr_AD140_predominant.tif,tif,SUCCESS
268,19,0_surplus_regen_reused_oc_AD040_predominant.tif,tif,SUCCESS
269,19,0_surplus_regen_reused_oc_AD070_predominant.tif,tif,SUCCESS
270,19,0_surplus_regen_reused_tr_AD040_predominant.tif,tif,SUCCESS
271,19,0_surplus_regen_reused_tr_AD140_predominant.tif,tif,SUCCESS
272,19,100_surplus_no_regen_oc_AD040_predominant.tif,tif,SUCCESS
273,19,100_surplus_no_regen_oc_AD070_predominant.tif,tif,SUCCESS
274,19,100_surplus_no_regen_oc_AD140_predominant.tif,tif,SUCCESS
275,19,100_surplus_no_regen_tr_AD040_predominant.tif,tif,SUCCESS
276,19,100_surplus_no_regen_tr_AD070_predominant.tif,tif,SUCCESS
277,19,100_surplus_no_regen_tr_AD140_predominant.tif,tif,SUCCESS
278,19,100_surplus_regen_reused_oc_AD040_predominant.tif,tif,SUCCESS
279,19,100_surplus_regen_reused_tr_AD040_predominant.tif,tif,SUCCESS
280,19,100_surplus_regen_reused_tr_AD070_predominant.tif,tif,SUCCESS
281,19,100_surplus_regen_reused_tr_AD140_predominant.tif,tif,SUCCESS
282,19,10_surplus_no_regen_oc_AD040_predominant.tif,tif,SUCCESS
283,19,10_surplus_no_regen_oc_AD070_predominant.tif,tif,SUCCESS
284,19,10_surplus_no_regen_oc_AD140_predominant.tif,tif,SUCCESS
285,19,10_surplus_no_regen_tr_AD040_predominant.tif,tif,SUCCESS
286,19,10_surplus_no_regen_tr_AD070_predominant.tif,tif,SUCCESS
287,19,10_surplus_no_regen_tr_AD140_predominant.tif,tif,SUCCESS
288,19,10_surplus_regen_reused_oc_AD040_predominant.tif,tif,SUCCESS
289,19,10_surplus_regen_reused_oc_AD140_predominant.tif,tif,SUCCESS
290,19,10_surplus_regen_reused_tr_AD040_predominant.tif,tif,SUCCESS
291,19,10_surplus_regen_reused_tr_AD070_predominant.tif,tif,SUCCESS
292,19,1_copy_all_LUS_configs_and_demand.py,py,SUCCESS
293,19,20_surplus_no_regen_oc_AD040_predominant.tif,tif,SUCCESS
294,19,20_surplus_no_regen_oc_AD070_predominant.tif,tif,SUCCESS
295,19,20_surplus_no_regen_oc_AD140_predominant.tif,tif,SUCCESS
296,19,20_surplus_no_regen_tr_AD040_predominant.tif,tif,SUCCESS
297,19,20_surplus_no_regen_tr_AD070_predominant.tif,tif,SUCCESS
298,19,20_surplus_no_regen_tr_AD140_predominant.tif,tif,SUCCESS
299,19,20_surplus_regen_reused_oc_AD040_predominant.tif,tif,SUCCESS
300,19,20_surplus_regen_reused_oc_AD070_predominant.tif,tif,SUCCESS
301,19,20_surplus_regen_reused_tr_AD040_predominant.tif,tif,SUCCESS
302,19,20_surplus_regen_reused_tr_AD140_predominant.tif,tif,SUCCESS
303,19,2_run_all_scenarios_AD40_70_140_no_regeneration_scenarios.py,py,SUCCESS
304,19,2_run_all_scenarios_AD40_70_140_regeneration_scenarios.py,py,SUCCESS
305,19,30_surplus_no_regen_oc_AD040_predominant.tif,tif,SUCCESS
306,19,30_surplus_no_regen_oc_AD070_predominant.tif,tif,SUCCESS
307,19,30_surplus_no_regen_oc_AD140_predominant.tif,tif,SUCCESS
308,19,30_surplus_no_regen_tr_AD040_predominant.tif,tif,SUCCESS
309,19,30_surplus_no_regen_tr_AD070_predominant.tif,tif,SUCCESS
310,19,30_surplus_no_regen_tr_AD140_predominant.tif,tif,SUCCESS
311,19,30_surplus_regen_reused_oc_AD040_predominant.tif,tif,SUCCESS
312,19,30_surplus_regen_reused_oc_AD070_predominant.tfw,tfw,SUCCESS
313,19,30_surplus_regen_reused_oc_AD070_predominant.tif,tif,SUCCESS
314,19,30_surplus_regen_reused_tr_AD040_predominant.tif,tif,SUCCESS
315,19,30_surplus_regen_reused_tr_AD140_predominant.tif,tif,SUCCESS
316,19,3_generate_excel_wood_sheets.py,py,SUCCESS
317,19,40_surplus_no_regen_oc_AD040_predominant.tif,tif,SUCCESS
318,19,40_surplus_no_regen_oc_AD070_predominant.tif,tif,SUCCESS
319,19,40_surplus_no_regen_oc_AD140_predominant.tif,tif,SUCCESS
320,19,40_surplus_no_regen_tr_AD040_predominant.tif,tif,SUCCESS
321,19,40_surplus_no_regen_tr_AD070_predominant.tif,tif,SUCCESS
322,19,40_surplus_no_regen_tr_AD140_predominant.tif,tif,SUCCESS
323,19,40_surplus_regen_reused_oc_AD040_predominant.tif,tif,SUCCESS
324,19,40_surplus_regen_reused_tr_AD040_predominant.tif,tif,SUCCESS
325,19,40_surplus_regen_reused_tr_AD070_predominant.tif,tif,SUCCESS
326,19,40_surplus_regen_reused_tr_AD140_predominant.tif,tif,SUCCESS
327,19,4_generate_excel_additional_wood_calculations.py,py,SUCCESS
328,19,4_generate_excel_output_food_producing_land_use_types.py,py,SUCCESS
329,19,50_surplus_no_regen_oc_AD040_predominant.tif,tif,SUCCESS
330,19,50_surplus_no_regen_oc_AD070_predominant.tif,tif,SUCCESS
331,19,50_surplus_no_regen_oc_AD140_predominant.tif,tif,SUCCESS
332,19,50_surplus_no_regen_tr_AD040_predominant.tif,tif,SUCCESS
333,19,50_surplus_no_regen_tr_AD070_predominant.tif,tif,SUCCESS
334,19,50_surplus_no_regen_tr_AD140_predominant.tif,tif,SUCCESS
335,19,50_surplus_regen_reused_oc_AD040_predominant.tif,tif,SUCCESS
336,19,50_surplus_regen_reused_oc_AD140_predominant.tif,tif,SUCCESS
337,19,50_surplus_regen_reused_tr_AD040_predominant.tif,tif,SUCCESS
338,19,50_surplus_regen_reused_tr_AD070_predominant.tif,tif,SUCCESS
339,19,5_step_1_copy_all_results_to_seperate_folders.py,py,SUCCESS
340,19,5_step_2_copy_all_endogenous_results_predominant_LU_to_export_folders.py,py,SUCCESS
341,19,60_surplus_no_regen_oc_AD040_predominant.tif,tif,SUCCESS
342,19,60_surplus_no_regen_oc_AD070_predominant.tif,tif,SUCCESS
343,19,60_surplus_no_regen_oc_AD140_predominant.tif,tif,SUCCESS
344,19,60_surplus_no_regen_tr_AD040_predominant.tif,tif,SUCCESS
345,19,60_surplus_no_regen_tr_AD070_predominant.tif,tif,SUCCESS
346,19,60_surplus_no_regen_tr_AD140_predominant.tif,tif,SUCCESS
347,19,60_surplus_regen_reused_oc_AD040_predominant.tif,tif,SUCCESS
348,19,60_surplus_regen_reused_oc_AD070_predominant.tif,tif,SUCCESS
349,19,60_surplus_regen_reused_tr_AD040_predominant.tif,tif,SUCCESS
350,19,60_surplus_regen_reused_tr_AD140_predominant.tif,tif,SUCCESS
351,19,70_surplus_no_regen_oc_AD040_predominant.tif,tif,SUCCESS
352,19,70_surplus_no_regen_oc_AD070_predominant.tif,tif,SUCCESS
353,19,70_surplus_no_regen_oc_AD140_predominant.tif,tif,SUCCESS
354,19,70_surplus_no_regen_tr_AD040_predominant.tif,tif,SUCCESS
355,19,70_surplus_no_regen_tr_AD070_predominant.tif,tif,SUCCESS
356,19,70_surplus_no_regen_tr_AD140_predominant.tif,tif,SUCCESS
357,19,70_surplus_regen_reused_oc_AD040_predominant.tif,tif,SUCCESS
358,19,70_surplus_regen_reused_oc_AD070_predominant.tif,tif,SUCCESS
359,19,70_surplus_regen_reused_tr_AD040_predominant.tif,tif,SUCCESS
360,19,70_surplus_regen_reused_tr_AD140_predominant.tif,tif,SUCCESS
361,19,80_surplus_no_regen_oc_AD040_predominant.tif,tif,SUCCESS
362,19,80_surplus_no_regen_oc_AD070_predominant.tif,tif,SUCCESS
363,19,80_surplus_no_regen_oc_AD140_predominant.tif,tif,SUCCESS
364,19,80_surplus_no_regen_tr_AD040_predominant.tif,tif,SUCCESS
365,19,80_surplus_no_regen_tr_AD070_predominant.tif,tif,SUCCESS
366,19,80_surplus_no_regen_tr_AD140_predominant.tif,tif,SUCCESS
367,19,80_surplus_regen_reused_oc_AD040_predominant.tif,tif,SUCCESS
368,19,80_surplus_regen_reused_oc_AD070_predominant.tif,tif,SUCCESS
369,19,80_surplus_regen_reused_oc_AD140_predominant.tif,tif,SUCCESS
370,19,80_surplus_regen_reused_tr_AD040_predominant.tif,tif,SUCCESS
371,19,90_surplus_no_regen_oc_AD040_predominant.tif,tif,SUCCESS
372,19,90_surplus_no_regen_oc_AD070_predominant.tif,tif,SUCCESS
373,19,90_surplus_no_regen_oc_AD140_predominant.tif,tif,SUCCESS
374,19,90_surplus_no_regen_tr_AD040_predominant.tif,tif,SUCCESS
375,19,90_surplus_no_regen_tr_AD070_predominant.tif,tif,SUCCESS
376,19,90_surplus_no_regen_tr_AD140_predominant.tif,tif,SUCCESS
377,19,90_surplus_regen_reused_oc_AD040_predominant.tif,tif,SUCCESS
378,19,90_surplus_regen_reused_oc_AD140_predominant.tif,tif,SUCCESS
379,19,90_surplus_regen_reused_tr_AD040_predominant.tif,tif,SUCCESS
380,19,90_surplus_regen_reused_tr_AD070_predominant.tif,tif,SUCCESS
381,19,A1.dms,dms,SUCCESS
382,19,A2.dms,dms,SUCCESS
383,19,agriculture.asc,asc,SUCCESS
384,19,Agriculture_rstintper.csv,csv,SUCCESS
385,19,agriculture.tif,tif,SUCCESS
386,19,Allocation_Procedures.dms,dms,SUCCESS
387,19,arc.dir,dir,SUCCESS
388,19,B1.dms,dms,SUCCESS
389,19,B2.dms,dms,SUCCESS
390,19,Claim_regions_AD140.zip,zip,SUCCESS
391,19,claim_regions.asc,asc,SUCCESS
392,19,claimregions.tif,tif,SUCCESS
393,19,claimregions.tif.aux.xml,xml,SUCCESS
394,19,claimregions.tif.ovr,ovr,SUCCESS
395,19,claimregions.tif.vat.cpg,cpg,SUCCESS
396,19,claimregions.tif.vat.dbf,dbf,SUCCESS
397,19,claimregions.tif.xml,xml,SUCCESS
398,19,claim_regions.zip,zip,SUCCESS
399,19,claimregions.zip,zip,SUCCESS
400,19,Classifications.dms,dms,SUCCESS
401,19,config.ini,ini,SUCCESS
402,19,ConfigSettings.bck,bck,SUCCESS
403,19,CopyRight.htm,htm,SUCCESS
404,19,cost_dist_asc.asc,asc,SUCCESS
405,19,DefaultDesktop.dms,dms,SUCCESS
406,19,DEMAND_AD040.xlsx,xlsx,SUCCESS
407,19,DEMAND_AD070.xlsx,xlsx,SUCCESS
408,19,DEMAND_AD140.xlsx,xlsx,SUCCESS
409,19,demo.dms,dms,SUCCESS
410,19,DesktopRoot.dms,dms,SUCCESS
411,19,Desktops.dms,dms,SUCCESS
412,19,DesktopTemplates.dms,dms,SUCCESS
413,19,Disclaimer.htm,htm,SUCCESS
414,19,distance_decay.dms,dms,SUCCESS
415,19,DMSProjectXE.dll,dll,SUCCESS
416,19,evaluation.dms,dms,SUCCESS
417,19,exogenous_developments.dms,dms,SUCCESS
418,19,Food_AD40_AD70_AD140.xlsx,xlsx,SUCCESS
419,19,GeoDms7110-Setup-x64.exe,exe,SUCCESS
420,19,Geography.dms,dms,SUCCESS
421,19,grassland.asc,asc,SUCCESS
422,19,grassland_rstintper.csv,csv,SUCCESS
423,19,grassland.tif,tif,SUCCESS
424,19,hay_land.asc,asc,SUCCESS
425,19,hay_land_rstintper.csv,csv,SUCCESS
426,19,hay_land.tif,tif,SUCCESS
427,19,lu_lnr11.asc,asc,SUCCESS
428,19,lu_lnr1.asc,asc,SUCCESS
429,19,lu_lnr1.asc.vat.dbf,dbf,SUCCESS
430,19,lu_lnr3.asc,asc,SUCCESS
431,19,lu_lnr5.asc.aux.xml,xml,SUCCESS
432,19,lu_lnr5.asc.ovr,ovr,SUCCESS
433,19,lu_lnr6.asc,asc,SUCCESS
434,19,lu_lnr8.asc,asc,SUCCESS
435,19,lu_lnr9.asc,asc,SUCCESS
436,19,nldeel_2011.tfw,tfw,SUCCESS
437,19,nldeel_2011.tif,tif,SUCCESS
438,19,nldeel_2011.tif.aux.xml,xml,SUCCESS
439,19,nldeel_2011.tif.ovr,ovr,SUCCESS
440,19,nldeel_2011.tif.xml,xml,SUCCESS
441,19,nldeel_2011.zip,zip,SUCCESS
442,19,OLD_codes.txt,txt,SUCCESS
443,19,paleo_ID_ad100.tfw,tfw,SUCCESS
444,19,paleo_ID_ad100.tif,tif,SUCCESS
445,19,paleo_ID_ad100.tif.aux.xml,xml,SUCCESS
446,19,paleo_ID_ad100.tif.ovr,ovr,SUCCESS
447,19,paleo_ID_ad100.tif.vat.dbf,dbf,SUCCESS
448,19,predominant.mxd,mxd,SUCCESS
449,19,projection.prj,prj,SUCCESS
450,19,provincie_2011.tif,tif,SUCCESS
451,19,provincie_2011.zip,zip,SUCCESS
452,19,prv1_2000.dbf,dbf,SUCCESS
453,19,prv1_2000.shp,shp,SUCCESS
454,19,prv1_2000.shp.shp.xml,xml,SUCCESS
455,19,prv1_2000.shx,shx,SUCCESS
456,19,Readme.txt,txt,SUCCESS
457,19,Residential_rstintper.csv,csv,SUCCESS
458,19,RstIntPer_A1.dms,dms,SUCCESS
459,19,RstIntPer_A2.dms,dms,SUCCESS
460,19,RstIntPer_B1.dms,dms,SUCCESS
461,19,RstIntPer_B2.dms,dms,SUCCESS
462,19,ScenarioComponents.dms,dms,SUCCESS
463,19,Scenarios.htm,htm,SUCCESS
464,19,Simulations.dms,dms,SUCCESS
465,19,SourceDescr.htm,htm,SUCCESS
466,19,Start.dms,dms,SUCCESS
467,19,start_landuse.dms,dms,SUCCESS
468,19,Templates.dms,dms,SUCCESS
469,19,thematic_maps.dms,dms,SUCCESS
470,19,Units.dms,dms,SUCCESS
471,19,unused_land_rstintper.csv,csv,SUCCESS
472,19,whole_period_wood.dbf,dbf,SUCCESS
473,19,Wood_AD040.xlsx,xlsx,SUCCESS
474,19,Wood_AD070.xlsx,xlsx,SUCCESS
475,19,Wood_AD140.xlsx,xlsx,SUCCESS
476,19,woodland_rstintper.csv,csv,SUCCESS
477,19,woodland.tif,tif,SUCCESS
478,19,wood_start.asc,asc,SUCCESS
479,20,20180327 Observaties.docx,docx,RESTRICTED
480,20,20180329 Observaties .docx,docx,RESTRICTED
481,20,20180405 Observaties .docx,docx,RESTRICTED
482,20,20180410-1 Observaties 1.docx,docx,RESTRICTED
483,20,20180410-2 Observaties 2.docx,docx,RESTRICTED
484,20,20180410-3 Observaties 3.docx,docx,RESTRICTED
485,20,20180612-Observaties.docx,docx,RESTRICTED
486,20,description study 2.docx,docx,SUCCESS
487,20,study 2.atlproj,atlproj,RESTRICTED
488,21,a00000001.gdbindexes,gdbindexes,SUCCESS
489,21,a00000001.gdbtable,gdbtable,SUCCESS
490,21,a00000001.gdbtablx,gdbtablx,SUCCESS
491,21,a00000001.TablesByName.atx,atx,SUCCESS
492,21,a00000002.gdbtable,gdbtable,SUCCESS
493,21,a00000002.gdbtablx,gdbtablx,SUCCESS
494,21,a00000003.gdbindexes,gdbindexes,SUCCESS
495,21,a00000003.gdbtable,gdbtable,SUCCESS
496,21,a00000003.gdbtablx,gdbtablx,SUCCESS
497,21,a00000004.CatItemsByPhysicalName.atx,atx,SUCCESS
498,21,a00000004.CatItemsByType.atx,atx,SUCCESS
499,21,a00000004.FDO_UUID.atx,atx,SUCCESS
500,21,a00000004.freelist,freelist,SUCCESS
501,21,a00000004.gdbindexes,gdbindexes,SUCCESS
502,21,a00000004.gdbtable,gdbtable,SUCCESS
503,21,a00000004.gdbtablx,gdbtablx,SUCCESS
504,21,a00000004.spx,spx,SUCCESS
505,21,a00000005.CatItemTypesByName.atx,atx,SUCCESS
506,21,a00000005.CatItemTypesByParentTypeID.atx,atx,SUCCESS
507,21,a00000005.CatItemTypesByUUID.atx,atx,SUCCESS
508,21,a00000005.gdbindexes,gdbindexes,SUCCESS
509,21,a00000005.gdbtable,gdbtable,SUCCESS
510,21,a00000005.gdbtablx,gdbtablx,SUCCESS
511,21,a00000006.CatRelsByDestinationID.atx,atx,SUCCESS
512,21,a00000006.CatRelsByOriginID.atx,atx,SUCCESS
513,21,a00000006.CatRelsByType.atx,atx,SUCCESS
514,21,a00000006.FDO_UUID.atx,atx,SUCCESS
515,21,a00000006.gdbindexes,gdbindexes,SUCCESS
516,21,a00000006.gdbtable,gdbtable,SUCCESS
517,21,a00000006.gdbtablx,gdbtablx,SUCCESS
518,21,a00000007.CatRelTypesByBackwardLabel.atx,atx,SUCCESS
519,21,a00000007.CatRelTypesByDestItemTypeID.atx,atx,SUCCESS
520,21,a00000007.CatRelTypesByForwardLabel.atx,atx,SUCCESS
521,21,a00000007.CatRelTypesByName.atx,atx,SUCCESS
522,21,a00000007.CatRelTypesByOriginItemTypeID.atx,atx,SUCCESS
523,21,a00000007.CatRelTypesByUUID.atx,atx,SUCCESS
524,21,a00000007.gdbindexes,gdbindexes,SUCCESS
525,21,a00000007.gdbtable,gdbtable,SUCCESS
526,21,a00000007.gdbtablx,gdbtablx,SUCCESS
527,21,a00000009.gdbindexes,gdbindexes,SUCCESS
528,21,a00000009.gdbtable,gdbtable,SUCCESS
529,21,a00000009.gdbtablx,gdbtablx,SUCCESS
530,21,a00000009.spx,spx,SUCCESS
531,21,a0000000a.gdbtable,gdbtable,SUCCESS
532,21,a0000000a.gdbtablx,gdbtablx,SUCCESS
533,21,a0000000a.spx,spx,SUCCESS
534,21,a0000000b.freelist,freelist,SUCCESS
535,21,a0000000b.gdbtable,gdbtable,SUCCESS
536,21,a0000000b.gdbtablx,gdbtablx,SUCCESS
537,21,a0000000b.spx,spx,SUCCESS
538,21,a0000000c.gdbindexes,gdbindexes,SUCCESS
539,21,a0000000c.gdbtable,gdbtable,SUCCESS
540,21,a0000000c.gdbtablx,gdbtablx,SUCCESS
541,21,a0000000c.spx,spx,SUCCESS
542,21,a0000000d.gdbindexes,gdbindexes,SUCCESS
543,21,a0000000d.gdbtable,gdbtable,SUCCESS
544,21,a0000000d.gdbtablx,gdbtablx,SUCCESS
545,21,a0000000d.spx,spx,SUCCESS
546,21,a0000000e.gdbindexes,gdbindexes,SUCCESS
547,21,a0000000e.gdbtable,gdbtable,SUCCESS
548,21,a0000000e.gdbtablx,gdbtablx,SUCCESS
549,21,a0000000f.gdbindexes,gdbindexes,SUCCESS
550,21,a0000000f.gdbtable,gdbtable,SUCCESS
551,21,a0000000f.gdbtablx,gdbtablx,SUCCESS
552,21,a00000010.band_index.atx,atx,SUCCESS
553,21,a00000010.blk_key_index.atx,atx,SUCCESS
554,21,a00000010.col_index.atx,atx,SUCCESS
555,21,a00000010.gdbindexes,gdbindexes,SUCCESS
556,21,a00000010.gdbtable,gdbtable,SUCCESS
557,21,a00000010.gdbtablx,gdbtablx,SUCCESS
558,21,a00000010.row_index.atx,atx,SUCCESS
559,21,a00000011.gdbindexes,gdbindexes,SUCCESS
560,21,a00000011.gdbtable,gdbtable,SUCCESS
561,21,a00000011.gdbtablx,gdbtablx,SUCCESS
562,21,arc0000.dat,dat,SUCCESS
563,21,arc0001.dat,dat,SUCCESS
564,21,arc0001.nit,nit,SUCCESS
565,21,arc0002.dat,dat,SUCCESS
566,21,arc0002.nit,nit,SUCCESS
567,21,arc0003.dat,dat,SUCCESS
568,21,arc0004.dat,dat,SUCCESS
569,21,arc0005.dat,dat,SUCCESS
570,21,arc0006.dat,dat,SUCCESS
571,21,arc0007.dat,dat,SUCCESS
572,21,arc0007.nit,nit,SUCCESS
573,21,arc.dir,dir,SUCCESS
574,21,Cordinates_points.zip,zip,SUCCESS
575,21,Data collection coordinates.xls,xls,SUCCESS
576,21,dblbnd.adf,adf,SUCCESS
580,21,fras_aux_Kernel4.CASTY-PC.7028.7856.sr.lock,lock,SUCCESS
581,21,gdb,,SUCCESS
582,21,hdr.adf,adf,SUCCESS
587,21,Hills.zip,zip,SUCCESS
588,21,intsoil.aux.xml,xml,SUCCESS
589,21,Kenya_data_2.zip,zip,SUCCESS
590,21,log,,SUCCESS
593,21,merged.zip,zip,SUCCESS
594,21,metadata.xml,xml,SUCCESS
598,21,Mt_Kenya_Forest.zip,zip,SUCCESS
599,21,prj.adf,adf,SUCCESS
603,21,README Chapter 3.txt,txt,SUCCESS
604,21,Registered_Boundary.zip,zip,SUCCESS
605,21,Registered Land Plots.zip,zip,SUCCESS
606,21,Soildata2.zip,zip,SUCCESS
607,21,soilraster1.aux.xml,xml,SUCCESS
608,21,soilraster1.ovr,ovr,SUCCESS
609,21,soilraster.aux.xml,xml,SUCCESS
610,21,Soil.zip,zip,SUCCESS
611,21,sta.adf,adf,SUCCESS
617,21,Study_Area_Boundary.zip,zip,SUCCESS
618,21,Sub Locations.zip,zip,SUCCESS
619,21,Tharaka Nithi County2.mxd,mxd,SUCCESS
620,21,timestamps,,SUCCESS
621,21,Unregistered_Boundary.zip,zip,SUCCESS
622,21,Unregistered Land Plots.zip,zip,SUCCESS
623,21,vat.adf,adf,SUCCESS
628,21,w001001.adf,adf,SUCCESS
634,21,w001001x.adf,adf,SUCCESS
638,22,no_files_found.txt,txt,SKIPPED
639,23,no_files_found.txt,txt,SKIPPED
640,24,no_files_found.txt,txt,SKIPPED
641,25,no_files_found.txt,txt,SKIPPED
642,26,no_files_found.txt,txt,SKIPPED
643,27,no_files_found.txt,txt,SKIPPED
644,28,Dissertation_MLU_2024_LuegmairKarolina.pdf,pdf,SUCCESS
645,29,10.pdf,pdf,SUCCESS
646,30,Sprechen%20ueber%20Neue%20Musik.pdf,pdf,SUCCESS
647,31,Bieber2022_Article_EntscheidungenTreffenInPandemi.pdf,pdf,SUCCESS
648,32,fmed-10-1145651.pdf,pdf,SUCCESS
649,33,s00063-023-00998-w.pdf,pdf,SUCCESS
650,34,s12885-025-15444-7.pdf,pdf,SUCCESS
651,35,s12903-025-05454-z.pdf,pdf,SUCCESS
652,36,Journal%20of%20Obesity%20-%202024%20-%20Blume%20-%20Association%20between%20Socioeconomic%20Position%20of%20the%20Family%20and%20Adolescent%20Obesity%20in.pdf,pdf,FAILED
653,37,BoehmAmelie_Know_your_V.pdf,pdf,SUCCESS
654,38,StuckiJeannette_Sexualit%c3%a4t%20und%20Krebs.pdf,pdf,SUCCESS
655,39,Int%20J%20of%20Uro%20Nursing%20-%202025%20-%20Hofstetter%20-%20Ultrasound%e2%80%90Assisted%20Continence%20Care%20Support%20in%20an%20Inpatient%20Care%20Setting%20A.pdf,pdf,FAILED
656,40,DudleSimone_Weibliche%20Sexualit%c3%a4t%20im%20Kontext%20einer%20Brustentfernung.pdf,pdf,SUCCESS
657,41,LeopoldMaxi_Theater_entzuenden.pdf,pdf,SUCCESS
658,42,gh-80-441-2025.pdf,pdf,SUCCESS
659,43,s12889-022-14700-w.pdf,pdf,SUCCESS
660,44,AchermannKaelinStefanie_Paarsexualit%c3%a4t_vor_und_nach_einer_Prostatektomie_aus_Sicht_betroffener_Frauen.pdf,pdf,FAILED
661,45,Dissertation_MLU_2022_Schr%c3%b6pferKirsten.pdf,pdf,SUCCESS
662,46,SchlaefliLaila_Frauen%20mit%20starkem%20sexuellen%20Begehren.pdf,pdf,SUCCESS
663,47,FlammeLaraRachel_Sexuelle_Selbstsicherheit_als_Entwicklungsaufgabe_nach_Sexocorporel.pdf,pdf,SUCCESS
664,48,Bachelorarbeit_Masalle_15.03.2022.pdf,pdf,SUCCESS
665,49,00000001.jpg,jpg,SUCCESS
666,49,139906614.pdf,pdf,SUCCESS
667,50,HR_Insights-07_Kreativit%c3%a4t%20in%20hybriden%20Arbeitswelten.pdf,pdf,SUCCESS
668,51,Magic%20of%20Data%20Analysis_unkomprimiert.tif,tif,SUCCESS
669,51,The%20Magic%20of%20Data%20Analysis.jpg,jpg,SUCCESS
670,51,Postertext.rtf,rtf,SUCCESS
671,52,Diss_Kriesten_10.12.2016_UniBib..pdf,pdf,SUCCESS
672,53,Bielefeldt%2c%20Franziska_Obst%2c%20Lisa_Dissertation_2022.pdf,pdf,SUCCESS
673,54,humanfactors-2025-1-e66658.pdf,pdf,SUCCESS
674,55,Bus%20Strat%20Env%20-%202023%20-%20Schultz%20-%20Stakeholder%20governance%20to%20facilitate%20collaboration%20for%20a%20systemic%20circular%20economy.pdf,pdf,FAILED
675,56,resprot-2023-1-e49731.pdf,pdf,SUCCESS
676,57,fpsyg-12-823123.pdf,pdf,SUCCESS
677,58,Stefan%20Scheydt_Reiz%c3%bcberflutung%20im%20psychiatrtischen%20Kontext_Dissertation.pdf,pdf,SUCCESS
678,59,Dissertation_Ch_Kern_Bibliothek.pdf,pdf,SUCCESS
679,60,sachunterricht_volume_0_6931.pdf,pdf,SUCCESS
680,61,s12913-025-13351-y.pdf,pdf,SUCCESS
681,62,s00103-020-03108-9.pdf,pdf,SUCCESS
682,63,e072838.full.pdf,pdf,SUCCESS
683,64,Bachelorarbeit_Mathilde%20Olschowsky.pdf,pdf,SUCCESS
684,65,s10055-025-01113-4.pdf,pdf,SUCCESS
685,66,ZurlindenOlivia_Sexologische%20Arbeit%20mit%20Sexualstraft%c3%a4tern.pdf,pdf,SUCCESS
686,67,Moritz_Arendt.pdf,pdf,SUCCESS
687,68,s13023-025-04186-1.pdf,pdf,SUCCESS
688,69,s12969-024-00976-2.pdf,pdf,SUCCESS
689,70,Between%20contraception%20and%20hormones%20a%20qualitative%20analysis%20of%20the%20lived%20experiences%20of%20former%20contraceptive%20pill%20users.pdf,pdf,FAILED
690,71,M%c3%bcnch_Linda_Dissertation_2025.pdf,pdf,SUCCESS
691,72,Dissertation%20Benjamin%20Reufsteck%202020_01_03.pdf,pdf,SUCCESS
692,73,Dissertation_Katharina_Werhahn_80Seiten_13jun2022.pdf,pdf,SUCCESS
693,74,WeistMarie-Luise_Bedarf%20von%20Kindern%20bis%20zu%2011%20Jahren%20mit%20Trauma%20aufgrund%20haeuslicher%20Gewalt.pdf,pdf,FAILED
694,75,Perceived%20causes%20of%20cancer%20in%20a%20rural%20community%20of%20Ethiopia%20a%20qualitative%20study.pdf,pdf,FAILED
695,76,s12913-017-2456-0.pdf,pdf,SUCCESS
696,77,Bachelorarbeit%20Musolff%20Bibliotheksexemplar.pdf,pdf,SUCCESS
697,78,00000001.jpg,jpg,SUCCESS
698,78,1808706412.pdf,pdf,SUCCESS
699,79,Ruessel%20et%20al._Inhaler_2020.pdf,pdf,SUCCESS
700,80,1-s2.0-S1471595323002068-main.pdf,pdf,SUCCESS
701,81,1-s2.0-S0169260723006302-main.pdf,pdf,SUCCESS
702,82,Gabes%20et%20al._The%20German%20RECAP_2021.pdf,pdf,SUCCESS
703,83,Dissertation%20Johannes%20Ryll.pdf,pdf,SUCCESS
704,84,Wahl%20Mathias%20Dissertation%202018.pdf,pdf,SUCCESS
705,85,DKP086_Hartott_Auswirkungen_des_Globalisierungsprozesses_auf_die_Besch%c3%a4ftigten_der_Freien_Produktionszone_Mauritius.pdf,pdf,FAILED
706,86,s12885-025-13971-x.pdf,pdf,SUCCESS
707,87,BartaSimon2_Walz%202.0_Zur%20Weiterentwicklung%20der%20handwerklichen%20Wanderschaft%20durch%20eine%20Internetplattform.pdf,pdf,FAILED
708,88,00000001.jpg,jpg,SUCCESS
709,88,1067396640.pdf,pdf,SUCCESS
710,89,Terne_Druckversion_Final.pdf,pdf,SUCCESS
711,90,2014.05.05%20Diss.%20Hoben%20-%20Organisationskontext%20und%20RU%20-%20final.pdf,pdf,SUCCESS
712,91,brainsci-13-01130-v3.pdf,pdf,SUCCESS
713,92,PfennigJonas_Wirkungserfassung%20bei%20Serious%20Games%20in%20der%20Wissenschaftskommunikatioin.pdf,pdf,SUCCESS
714,93,10.1024-1012-5302-a001015.pdf,pdf,SUCCESS
715,94,e049306.full.pdf,pdf,SUCCESS
716,95,Dissertation_Moelle_Ulrike_RT_for_1009_CxCa_Ethiopia_2008-2012-1.pdf,pdf,SUCCESS
717,96,LammersTobias_Identitaetsbildende%20Prozesse%20im%20Social%20Media-Auftritt%20von%20Jugendlichen.pdf,pdf,SUCCESS
718,97,Dissertation_O.%20Martin_Bib.pdf,pdf,SUCCESS
719,98,JazdiMotlaghMaral_Unsichtbarkeiten%20von%20Queers%20of%20Color.pdf,pdf,SUCCESS
720,99,jals_volume_2_7242.pdf,pdf,SUCCESS
721,100,Masterthesis_Claudia%20Andersch_geschw%c3%a4rzt.pdf,pdf,SUCCESS
722,101,FischerJannis_Digitaler_Wandel_im_Qualit%c3%a4tsmanagement.pdf,pdf,SUCCESS
723,102,GrafSarah_Vaginismus_und_Behandlungsansaetze.pdf,pdf,SUCCESS
724,103,Engler-WettlerLadinaMaria_Sexuelles%20Erleben%20von%20Frauen%20im%20Kontext%20heterosexueller%20Paarsexualit%c3%a4t.pdf,pdf,FAILED
725,104,Sourcerers%20Apprentices.tif,tif,SUCCESS
726,104,Sourcerers%20Apprentices.jpg,jpg,SUCCESS
727,104,The%20Sourcerer.rtf,rtf,SUCCESS
728,105,LugeLauraSophie_Kindheit%20in%20Offenen%20Beziehungen.pdf,pdf,SUCCESS
729,106,ES-2022-13489.pdf,pdf,SUCCESS
730,107,prom.pdf,pdf,SUCCESS
731,108,WanningerLaura_Gamification%20als%20Engagement-Strategie%20f%c3%bcr%20Non-Profit-Organisationen.pdf,pdf,SUCCESS
732,109,Dissertation_MLU_2023_Kabirigi.pdf,pdf,SUCCESS
733,110,WildCarolin_Prozessoffene%20Arbeit%20mit%20Kindern%20und%20Jugendlichen%20im%20Kontext%20kultureller%20Teilhabe.pdf,pdf,FAILED
734,111,Bachelorarbeit%20S%c3%b6ren%20Thiel%2020192179.pdf,pdf,SUCCESS
735,112,BrunnerMarianne_Die_sexuelle_Lust_heterosexueller_Paare_zwischen_50_und_70_Jahren.pdf,pdf,SUCCESS
736,113,s12905-025-04213-0.pdf,pdf,SUCCESS
737,114,jmir-2026-1-e81669.pdf,pdf,SUCCESS
738,115,s10654-022-00890-5.pdf,pdf,SUCCESS
739,116,2543_Rode_et_al.pdf,pdf,SUCCESS
740,117,Dissertation_MLU_2023_DiekeMarlene.pdf,pdf,SUCCESS
741,118,1-s2.0-S0197457225005221-main.pdf,pdf,SUCCESS
742,119,s12877-020-01655-z.pdf,pdf,SUCCESS
743,120,fsoc-07-842543.pdf,pdf,SUCCESS
744,121,Journal%20of%20Renal%20Care%20-%202021%20-%20Stoye%20-%20The%20role%20of%20different%20nephrology%20experts%20in%20informed%20shared%20decision%e2%80%90making%20for.pdf,pdf,FAILED
745,122,Health%20Expectations%20-%202025%20-%20B%c3%bchler%20-%20Methods%20for%20Involving%20People%20With%20Dementia%20in%20Health%20Policy%20and%20Guideline%20Development.pdf,pdf,FAILED
746,123,Diss_F%c3%bchrer.pdf,pdf,SUCCESS
747,124,s13018-026-06729-z.pdf,pdf,SUCCESS
748,125,KeimHelena_Trans%20und%20wohnungslos.pdf,pdf,SUCCESS
749,126,00000001.jpg,jpg,SUCCESS
750,126,796620849.pdf,pdf,SUCCESS
751,127,Dis_Smeaton_Dez_2016.pdf,pdf,SUCCESS
752,128,mluhumangeowps_volume_8.pdf,pdf,SUCCESS
753,129,Dissertation_MLU_2025_KossackLaura.pdf,pdf,SUCCESS
754,130,Drewitz%20et%20al._Frequency%20of%20hand%20eczema_2021.pdf,pdf,SUCCESS
755,131,vanRoessel_Dissertation_2022.pdf,pdf,SUCCESS
756,132,s13063-019-3522-1.pdf,pdf,SUCCESS
757,133,BartaSimon_Walz%202.0_Zur%20Weiterentwicklung%20der%20handwerklichen%20Wanderschaft%20durch%20eine%20Internetplattform.pdf,pdf,FAILED
758,134,land-12-01012-v3.pdf,pdf,SUCCESS
759,135,fdgth-7-1591866.pdf,pdf,SUCCESS
760,136,1-s2.0-S0195666324000709-main.pdf,pdf,SUCCESS
761,137,Bildungssituation%20autistischer%20Kinder%20und%20Jugendlicher%20in%20SchleswigHolstein_03_2024.pdf,pdf,SUCCESS
762,138,s00432-024-05863-7.pdf,pdf,SUCCESS
763,139,mluhumangeowps_volume_4.pdf,pdf,SUCCESS
764,140,s00391-022-02132-5.pdf,pdf,SUCCESS
765,141,Gabes%2c%20M._Are%20existing_2020.pdf,pdf,SUCCESS
766,142,M%c3%bcllerRahel_Spannungsfeld_Schwangerschaftskonfliktberatung.pdf,pdf,SUCCESS
767,143,Dissertation_MLU_2025_KuonKaty.pdf,pdf,SUCCESS
768,144,Sch%c3%b6nburg2020_Article_CognitiveTrainingForRoboticSur.pdf,pdf,SUCCESS
769,145,e099955.full.pdf,pdf,SUCCESS
770,146,REHABILITATION%2bSCIENCES%2bMay%2b2025.pdf,pdf,SUCCESS
771,147,Dissertation%20Bauernschmidt%20ULB-1.pdf,pdf,SUCCESS
772,148,prom.pdf,pdf,SUCCESS
773,149,Integrativer%20Umgang%20Schmid%202019.pdf,pdf,SUCCESS
774,149,Integrativer%20Umgang%20Anhang%20Schmid%202018.pdf,pdf,SUCCESS
775,150,00000001.jpg,jpg,SUCCESS
776,150,796621179.pdf,pdf,SUCCESS
777,151,Dissertation_Antonia_Schneeberger.pdf,pdf,SUCCESS
778,152,biologics-05-00020-v2.pdf,pdf,SUCCESS
779,153,PPA-411902-are-nurse-led-patient-consultations-and-nurse-led-dose-adjus.pdf,pdf,SUCCESS
780,154,Journal%20of%20Advanced%20Nursing%20-%202021%20-%20Kuusisto%e2%80%90Gussmann%20-%20Patients%20experiences%20of%20delirium%20A%20systematic%20review%20and.pdf,pdf,FAILED
781,155,1-s2.0-S2772390925000381-main.pdf,pdf,SUCCESS
782,156,mluhumangeowps_volume_1.pdf,pdf,SUCCESS
783,157,202303EngagementalsChanceGraCC88nert.pdf,pdf,SUCCESS
784,158,Dissertation_Mohs_Fabian_Vero%cc%88ffentlichung.pdf,pdf,SUCCESS
785,159,ijerph-18-00408.pdf,pdf,SUCCESS
786,160,Assmus-Fritzlar2022_Article_MathematicalCreativityAndMathe.pdf,pdf,SUCCESS
787,161,Bachelorarbeit%2c%20Sebastian%20Felske%2c%2020133112_geschw%c3%a4rzt.pdf,pdf,SUCCESS
788,162,NitzscheRomy_YouTube_als_emanzipatorisches_Aufklaerungs_und_Informationsmedium_fuer_Jugendliche%20.pdf,pdf,SUCCESS
789,163,Dissertation%20Henriette%20Meinel.pdf,pdf,SUCCESS
790,164,Dissertation_Stephan_Thomas_Zwischen_Dialektabbau_und_Assimilation.pdf,pdf,SUCCESS
791,165,Schleiss_Johannes_Dissertation_2025.pdf,pdf,SUCCESS
792,166,mluhumangeowps_volume_9_6241.pdf,pdf,SUCCESS
793,167,BeckersMarie_Vertrauensaufbau%20durch%20Webdesign.pdf,pdf,SUCCESS
794,168,Informed%20consent%20in%20cervical%20cancer%20screening%20research%20in%20Butajira%20district%20Ethiopia.pdf,pdf,FAILED
795,169,Speck-WyrschAriane_Moralische%20Inkongruenz%20bei%20M%c3%a4nnern%20mit%20selbstwahrgenommenem%20problematischen%20Pornografiekonsum.pdf,pdf,FAILED
796,170,Bestandsaufnahme%20der%20Bedeutung%20verschiedener%20Motivgruppen%20bei%20Spendern.pdf,pdf,SUCCESS
797,171,Ulfat_2018_Kamishibai_Eingangsstimulus.pdf,pdf,SUCCESS
798,172,mluhumangeowps_volume_12_6911.pdf,pdf,SUCCESS
799,173,ZieglerFranziska_Magnificent_Sex.pdf,pdf,SUCCESS
800,174,s13063-024-08652-2.pdf,pdf,SUCCESS
801,175,MelcherLysann_Inobhutnahmeeinrichtungen%20als%20Interimsstationen%20der%20Kinder%20und%20Jugendhilfe.pdf,pdf,FAILED
802,176,BenderPauline_I_want_to_skate_free_Potenziale_selbstinitiierter_FLINTA.pdf,pdf,SUCCESS
803,177,00000001.jpg,jpg,SUCCESS
804,177,517323346.pdf,pdf,SUCCESS
805,178,fepid-03-1099235.pdf,pdf,SUCCESS
806,179,2015_06_30_Dissertation_Mira%20Lehberger_ULB.pdf,pdf,SUCCESS
807,180,Dissertation_Wildnisbildung_Daniela_Hottenroth.pdf,pdf,SUCCESS
808,181,s12913-025-13918-9.pdf,pdf,SUCCESS
809,182,journal.pone.0285393.pdf,pdf,SUCCESS
810,183,Deppe2020_Article_PrivilegierteInternationalisie.pdf,pdf,SUCCESS
811,184,Psych_Test_43.pdf,pdf,SUCCESS
812,185,KlinkhartFelix_Cannabis_im%20Freizeitkonsum.pdf,pdf,SUCCESS
813,186,ijerph-16-00213.pdf,pdf,SUCCESS
814,187,mluhumangeowps_volume_3.pdf,pdf,SUCCESS
815,188,BA_Patrizia_Rausch.pdf,pdf,SUCCESS
816,189,s10857-024-09628-4.pdf,pdf,SUCCESS
817,190,jmir-2025-1-e70487.pdf,pdf,SUCCESS
818,191,HasubickNadine_Safer%20Feiern_Mindeststandards%20und%20erweiterte%20Strategien.pdf,pdf,SUCCESS
819,192,Dissertation_MLU_2023_ThielCarolin.pdf,pdf,SUCCESS
820,193,Dissertation_MLU_2025_BuchCharlotte.pdf,pdf,SUCCESS
821,194,14_zz1.pdf,pdf,SUCCESS
822,195,sachunterricht_volume_0_5538.pdf,pdf,SUCCESS
823,196,SteffesClaudia_Die_Wechseljahre_als_Thema_der_sexuellen_Bildung_fuer_Erwachsene.pdf,pdf,SUCCESS
824,197,GronowskiFreedaCatherine_Digitales_Lernen_in_Schulen.pdf,pdf,SUCCESS
825,198,s16024-022-00372-4.pdf,pdf,SUCCESS
826,199,1-s2.0-S1865921721001689-main.pdf,pdf,SUCCESS
827,200,Bus%20Strat%20Dev%20-%202025%20-%20Metelytsia%20-%20Attitudes%20Toward%20ESG%20Reporting%20in%20a%20Crisis%20Economy%20Insights%20From%20Interviews%20With.pdf,pdf,FAILED
828,201,Schwarze%20Ameisen.pdf,pdf,SUCCESS
829,202,SalzmannElisabeth_N%c3%a4he_und_Distanz_in_der_sozialen_Arbeit.pdf,pdf,SUCCESS
830,203,MarquartFelix_Die%20sanfte%20thermische%20Hodenerw%c3%a4rmung%20als%20Verh%c3%bctungsmethode%20f%c3%bcr%20M%c3%a4nner.pdf,pdf,FAILED
831,204,Dissertation_TR.pdf,pdf,SUCCESS
832,205,sachunterricht_vol_19_5675.pdf,pdf,SUCCESS
833,206,e081526.full.pdf,pdf,SUCCESS
834,207,HackeDeborah_Someone_Love%20is%20a%20Sex%20Worker.pdf,pdf,SUCCESS
835,208,11_Nover.pdf,pdf,SUCCESS
836,209,Y.%20Selinger_Dissertation.pdf,pdf,SUCCESS
837,210,e069142.full.pdf,pdf,SUCCESS
838,211,Buhtz2020_Article_DurchEinTabletGest%c3%bctzteBiograf.pdf,pdf,SUCCESS
839,212,SchlenkrichAlbert_Ach_und_im_%c3%9cbrigen-Ich_bin_pervers.pdf,pdf,SUCCESS
840,213,s12884-022-05312-8.pdf,pdf,SUCCESS
841,214,FuchsDenise_Die_Selbstwirksamkeit_Jugendlicher_im_Massnahmenvollzug_im_Kontext_der_F%c3%b6rderung_sexueller_Gesundheit.pdf,pdf,FAILED
842,215,BrechtAnna_Ungewollte%20Sexualisierungserfahrungen%20von%20M%c3%a4dchen%20in%20der%20Fr%c3%bchadoleszenz.pdf,pdf,SUCCESS
843,216,Dissertation_Friederike_Weise.pdf,pdf,SUCCESS
844,217,Dissertation%20Anja%20WARTMANN.pdf,pdf,SUCCESS
845,218,s12889-022-14227-0.pdf,pdf,SUCCESS
846,219,Interprofessionelle%20Kommunikation%20zwischen%20therapeutisch%20Pflegenden%20und%20anderen.pdf,pdf,SUCCESS
847,220,sustainability-17-09921.pdf,pdf,SUCCESS
848,221,s13063-022-06576-3.pdf,pdf,SUCCESS
849,222,07_Grebe.pdf,pdf,SUCCESS
850,223,00000001.jpg,jpg,SUCCESS
851,223,514632348.pdf,pdf,SUCCESS
852,224,GlantzChristina_Freier%20Fantasien.pdf,pdf,SUCCESS
853,225,prom.pdf,pdf,SUCCESS
854,226,GemollChristin_K%c3%b6rper-Tanz-Sexualit%c3%a4t.pdf,pdf,SUCCESS
855,227,s12912-022-00959-2.pdf,pdf,SUCCESS
856,228,ToffolTara_Von%20Bienchen%2c%20Bl%c3%bcmchen%20und%20der%20Bechermethode.pdf,pdf,SUCCESS
857,229,s12592-023-00446-8.pdf,pdf,SUCCESS
858,230,1-s2.0-S0197457223002306-main.pdf,pdf,SUCCESS
859,231,Dissertation_Lena_Sophie_Rudolf.pdf,pdf,SUCCESS
860,232,WolfEvelyn_Unterstuetzung_der_Informationsvermittlung_durch_animierte_Grafiken.pdf,pdf,SUCCESS
861,233,prom.pdf,pdf,SUCCESS
862,234,StallmannKatrin_Narzissmus%20in%20der%20Paarbeziehung.pdf,pdf,SUCCESS
863,235,fresc-04-1114666.pdf,pdf,SUCCESS
864,236,Gabes%20et%20al._As%20long%20as_2021.pdf,pdf,SUCCESS
865,237,Demmrich_Sarah_gesamte%20arbeit.pdf,pdf,SUCCESS
866,238,Dressler_Maria_Georgia_Optimierung%20audiovisueller%20Nachrichteninhalte%20f%c3%bcr%20Menschen%20mit%20sog%20geistiger%20Behinderung.pdf,pdf,FAILED
867,239,Dissertation_Tim_B%c3%a4rwalde_ULB.pdf,pdf,SUCCESS
868,240,Dissertation_Theresa_Huke.pdf,pdf,SUCCESS
869,241,Research%20in%20Spec%20Educ%20Needs%20-%202022%20-%20Richter.pdf,pdf,SUCCESS
870,242,Dissertation%20VenusMedinaMaldonado.pdf,pdf,SUCCESS
871,243,s12982-025-00920-z.pdf,pdf,SUCCESS
872,244,s42452-025-07938-7.pdf,pdf,SUCCESS
873,245,00000001.jpg,jpg,SUCCESS
874,245,799394912.pdf,pdf,SUCCESS
875,246,s12939-025-02727-5.pdf,pdf,SUCCESS
876,247,s00392-023-02296-z.pdf,pdf,SUCCESS
877,248,Silke%20Albrecht%20-%20Dissertation.pdf,pdf,SUCCESS
878,249,Dissertation_Striebich18_05.pdf,pdf,SUCCESS
879,250,BlochwitzMelanie_Sexuelle%20Rechte%20im%20Alten-%20und%20Pflegeheim.pdf,pdf,SUCCESS
880,251,WeibelPatrizia_K%c3%b6rper%c3%bcbungen%20im%20Kontext%20sexueller%20Gesundheit.pdf,pdf,SUCCESS
881,252,Chinese%20ceremonial%20music%20in%20Mahayana%20Buddhism%20in%20Southern%20Thailand.pdf,pdf,SUCCESS
882,253,e078182.full.pdf,pdf,SUCCESS
883,254,mluhumangeowps_volume_7.pdf,pdf,SUCCESS
884,255,s12942-026-00454-w.pdf,pdf,SUCCESS
885,256,oyaf111.pdf,pdf,SUCCESS
886,257,HaugSimone_Erotisieren_der_Analregion.pdf,pdf,SUCCESS
887,258,MariaHeider_ChiaraJ%c3%a4hn_Zwischen%20Privatsphaere%20und%20Publikum_Kinder%20in%20sozialen%20Medien.pdf,pdf,SUCCESS
888,259,Dissertation_MLU_2023_MoellerUlrike.pdf,pdf,SUCCESS
889,260,prom.pdf,pdf,SUCCESS
890,261,e105342.full.pdf,pdf,SUCCESS
891,262,s00103-020-03110-1.pdf,pdf,SUCCESS
892,263,Int%20J%20Older%20People%20Nursing%20-%202022%20-%20Baltes%20-%20Fear%20of%20falling%20from%20the%20perspective%20of%20affected%20persons%20A%20systematic%20review.pdf,pdf,FAILED
893,264,Psych_Test_14.pdf,pdf,SUCCESS
894,265,GuedelMartina_Das%20Erleben%20der%20eigenen%20Person%20in%20der%20sexuellen%20Fantasie.pdf,pdf,SUCCESS
895,266,kressmann-mueller-seeger-2025-harmonizing-rigor-relevance-and-insight-a-mixed-inductive-approach-for-qualitative.pdf,pdf,FAILED
896,267,vaccines-11-00398-v2.pdf,pdf,SUCCESS
897,268,11_Priew.pdf,pdf,SUCCESS
898,269,mortsiefer_2023_oi_230175_1678908012.33138.pdf,pdf,SUCCESS
899,270,s41042-022-00074-2.pdf,pdf,SUCCESS
900,271,EugsterLea_Das_sexuelle_Begehren_junger_Frauen_und_ihr_sexuelles_Selbst.pdf,pdf,SUCCESS
901,272,Chheang%20et%20al._Toward_2020.pdf,pdf,SUCCESS
902,273,s12995-021-00306-2.pdf,pdf,SUCCESS
903,274,fpsyt-11-522228.pdf,pdf,SUCCESS
904,275,s12904-026-02029-9.pdf,pdf,SUCCESS
905,276,PostAnna_Sexuelle_Grenzueberschreitungen_durch_Menschen_mit_kognitiver_Beeintr%c3%a4chtigung.pdf,pdf,SUCCESS
906,277,AmreinJanine_Erstvaterschaft_Verlust%20oder%20Best%c3%a4rkung%20der%20M%c3%a4nnlichkeit.pdf,pdf,SUCCESS
907,278,07_Uhl.pdf,pdf,SUCCESS
908,279,Dissertation_Marianne_Elisabeth_Schneemilch.pdf,pdf,SUCCESS
909,280,KimpelSarah_Nicht%20%c3%bcbereinstimmende%20Erregung%20bei%20sexualisierter%20Gewalt.pdf,pdf,SUCCESS
910,281,s00103-020-03113-y.pdf,pdf,SUCCESS
911,282,Krueger_Jacob_Dissertation_2021.pdf,pdf,SUCCESS
912,283,H%c3%b6richSaskia_Die_Bedeutung_von_FilmheldInnen_fuer_Kinder.pdf,pdf,SUCCESS
913,284,9783781562103_Matthes-Lehrperson.pdf,pdf,SUCCESS
914,285,Dissertation%20Jutta%20Koller.pdf,pdf,SUCCESS
915,286,fresc-1-1383995.pdf,pdf,SUCCESS
916,287,Masterarbeit%20Ralf%20Gro%c3%9fe%20Wortmann.pdf,pdf,SUCCESS
917,288,s-0042-1743560.pdf,pdf,SUCCESS
918,289,1-s2.0-S002965542400037X-main.pdf,pdf,SUCCESS
919,290,vonMuehlenenLea_Sexualit%c3%a4t_junger_M%c3%a4nner_zwischen_tradierten_und_modernen_Geschlechterrollenbildern.pdf,pdf,FAILED
920,291,SchmuckiTamara_Sextoys_das_Versprechen_von_Lust_und_Orgasmen.pdf,pdf,SUCCESS
921,292,s12877-023-03787-4.pdf,pdf,SUCCESS
922,293,1-s2.0-S1865921725001461-main.pdf,pdf,SUCCESS
923,294,Research%20in%20Spec%20Educ%20Needs%20-%202025%20-%20Richter%20-%20Systematic%20review%20on%20flexi%e2%80%90schooling%20of%20autistic%20students.pdf,pdf,FAILED
924,295,PantelJohanna_Ver%c3%a4ndertes%20genitales%20Selbstbild%20%e2%80%93%20Ann%c3%a4herung%20an%20die%20eigene%20Sexualit%c3%a4t%20nach%20einer%20Vulvakrebsbehandlung.pdf,pdf,FAILED
925,296,KuomLara_Politische%20Aktivierung%20und%20das%20widerst%c3%a4ndige%20Potenzial%20des%20Performativen.pdf,pdf,FAILED
926,297,Child%20-%202024%20-%20Bernard%20-%20Participation%20of%20adolescents%20with%20and%20without%20physical%20disabilities%20and%20chronic%20diseases%20A.pdf,pdf,FAILED
927,298,RichterMarcel_Street%20Art%20-%20Der%20Einfluss%20von%20Kreativit%c3%a4t%20im%20%c3%b6ffentlichen%20Raum.pdf,pdf,FAILED
928,299,hercynia_volume_46_2973.pdf,pdf,SUCCESS
929,300,Alamsyah_Moh%20Sanni%20Mufti_Dissertation_2022.pdf,pdf,SUCCESS
930,301,s12885-023-11801-6.pdf,pdf,SUCCESS
931,302,RescioSusanna_Die_Bedeutung_von_Ber%c3%bchrung_in_der_Sexualit%c3%a4t.pdf,pdf,SUCCESS
932,303,Hexen%20und%20Birnen.jpg,jpg,SUCCESS
933,303,Abstract.rtf,rtf,SUCCESS
934,303,Postertext.rtf,rtf,SUCCESS
935,303,Hexen%20und%20Birnen.tif,tif,SUCCESS
936,304,sachunterricht_volume_0_6117.pdf,pdf,SUCCESS
937,305,Grigoleit_Lebensgeschichtliche%20Erfahrungen%20sexualisierter%20Gewalt_%20Pflicht%20Diss.pdf,pdf,SUCCESS
938,306,Budrich-DerWissenschaftsverlagBarbara-2025.pdf,pdf,SUCCESS
939,307,s12877-025-06331-8.pdf,pdf,SUCCESS
940,308,s12889-024-19925-5.pdf,pdf,SUCCESS
941,309,00000001.jpg,jpg,SUCCESS
942,309,578293692.pdf,pdf,SUCCESS
943,310,Intl%20J%20Lang%20Comm%20Disor%20-%202025%20-%20Gauch%20-%20Influence%20of%20Speech%20and%20Language%20Therapy%20on%20Quality%20of%20Life%20in%20People%20With.pdf,pdf,FAILED
944,311,sports-11-00241.pdf,pdf,SUCCESS
945,312,mluhumangeowps_volume_6.pdf,pdf,SUCCESS
946,313,00000001.jpg,jpg,SUCCESS
947,313,584665512.pdf,pdf,SUCCESS
948,314,s12877-021-02585-0.pdf,pdf,SUCCESS
949,315,sachunterricht_vol_26_2.pdf,pdf,SUCCESS
950,316,s12889-025-25959-0.pdf,pdf,SUCCESS
951,317,JurgelucksAndreas_M%c3%b6gliche%20Ursachen%20sexueller%20Lustlosigkeit%20heterosexueller%20M%c3%a4nner%20in%20Paarbeziehungen%20aus%20evolutionspsychologischer%20Sicht.pdf,pdf,FAILED
952,318,Selbstproblematiken%20bei%20Jugendlichen%20mit%20ADHS.pdf,pdf,SUCCESS
953,319,sachunterricht_volume_0_5980.pdf,pdf,SUCCESS
954,320,SchlosserPatriciaEvelyn_Klangwelten%20neu%20gedacht.pdf,pdf,SUCCESS
955,321,Dissertation_MLU_2024_TilahunAbigiya.pdf,pdf,SUCCESS
956,322,UBHVersion_20190606.pdf,pdf,SUCCESS
957,323,26895269-2024-2351470.pdf,pdf,SUCCESS
958,324,Marx2021_Article_PflegendeAngeh%c3%b6rigeInDerHaus%c3%a4r.pdf,pdf,SUCCESS
959,325,Dissertation_MLU_2025_LukjantschukLeon.pdf,pdf,SUCCESS
960,326,07_Gruenbaum.pdf,pdf,SUCCESS
961,327,EmmertTobiasFriedwart_Trauma_TRE_und_Kriseninterventen.pdf,pdf,SUCCESS
962,328,250612_Gesamt_Diss_C_Rausch_Band1_Band2.pdf,pdf,SUCCESS
963,329,s12885-020-07060-4.pdf,pdf,SUCCESS
964,330,journal.pone.0282746.pdf,pdf,SUCCESS
965,331,SpielerRonnyPaul_Sexuelle_Vielfalt_in_sozialen_Einrichtungen.pdf,pdf,SUCCESS
966,332,s13063-025-09409-1.pdf,pdf,SUCCESS
967,333,000531944.pdf,pdf,SUCCESS
968,334,1-s2.0-S0959804922013296-main.pdf,pdf,SUCCESS
969,335,06_Grebe.pdf,pdf,SUCCESS
970,336,s12592-023-00451-x.pdf,pdf,SUCCESS
971,337,HedigerMichele_Klientinnenmotivation_in_der_Sexualtherapie.pdf,pdf,SUCCESS
972,338,Pharmacoepidemiology%20and%20Drug%20-%202024%20-%20Jobski%20-%20Pain%20Medication%20and%20Pain%20Intensity%20Following%20Hip%20Fractures%20Analyses%20Based.pdf,pdf,FAILED
973,339,07-10-12_Diss_Eysel.pdf,pdf,SUCCESS
974,340,33806-if-i-don-t-smoke-shisha-i-won-t-be-able-to-sleep-lived-experiences-of-high-school-students-in-ethiopia.pdf,pdf,FAILED
975,341,DoebeliAnne-Sophie_Sexualit%c3%a4t_und_Selbstsicherheit.pdf,pdf,SUCCESS
976,342,2022_IDWL_GonzalezCabrera.pdf,pdf,SUCCESS
977,343,Dissertation%20Heiner%20D%c3%b6rfler.pdf,pdf,SUCCESS
978,344,diseases-12-00278.pdf,pdf,SUCCESS
979,345,Berger-H%c3%b6ger2017_Article_ImplementationOfSharedDecision.pdf,pdf,SUCCESS
980,346,NTX-Endfassung.pdf,pdf,SUCCESS
981,347,RudolphInes_Bedeutung_der_Masturbation_von_Frauen_ab_70_Jahren.pdf,pdf,SUCCESS
982,348,StemmerEmmieMika_Becoming%20nonbinary%20in%20the%20binary.pdf,pdf,SUCCESS
983,349,SHTI-307-SHTI230700.pdf,pdf,SUCCESS
984,350,FrankeAnja_Performativer%20Gender_Fuck.pdf,pdf,SUCCESS
985,351,prom.pdf,pdf,SUCCESS
986,352,Steuerung%20von%20Wissensrisiken.pdf,pdf,SUCCESS
987,353,prom.pdf,pdf,SUCCESS
988,354,Symptomschwere_und_Aggravation_in_der_Begutachtung_psychischer_St%c3%b6rungen_Dissertation_Ruth-Sophia_Ebert.pdf,pdf,SUCCESS
989,355,sustainability-12-08213-v2.pdf,pdf,SUCCESS
990,356,prom.pdf,pdf,SUCCESS
991,357,2012_04_04.pdf,pdf,SUCCESS
992,358,Lueckmann2021_Article_IdentifyingMissingLinksInTheCo.pdf,pdf,SUCCESS
993,359,00000001.jpg,jpg,SUCCESS
994,359,689211740.pdf,pdf,SUCCESS
995,360,Abstract.rtf,rtf,SUCCESS
996,360,Digitized%20Inhumanities.jpg,jpg,SUCCESS
997,360,Digitized%20Inhumanities.tif,tif,SUCCESS
998,360,Postertext.rtf,rtf,SUCCESS
999,361,Dissertation_Matthias_Kleinke.pdf,pdf,SUCCESS
1000,362,G%c3%b6ppertKatrin_Verh%c3%bctungsbiografien_ungewollt_Schwangerer.pdf,pdf,SUCCESS
1001,363,Promotion_Krone_Bibo.pdf,pdf,SUCCESS
1002,364,Roick2021_Article_PredictorsOfPsychiatricComorbi.pdf,pdf,SUCCESS
1003,365,H%c3%b6femannLara_Klassismus%20innerhalb%20der%20linken%20feministischen%20Szene_Bibliothek.pdf,pdf,SUCCESS
1004,366,RauhutChiara_Herausforderungen%20und%20Potenziale%20im%20Umgang%20mit%20Klassismus%20in%20der%20Kulturellen%20Bildung.pdf,pdf,FAILED
1005,367,halbz_1997_03_komplett.pdf,pdf,SUCCESS
1006,368,Dissertation_Weinhold_Arlene_Analyse%20der%20Entwicklung%20und%20Versorgung%20von%20Kindern%20mit%20Myotubul%c3%a4rer%20Myopathie.pdf,pdf,FAILED
1007,369,Einflussfaktoren%20bei%20der%20Handekzementstehung%20bei%20beruflich%20hautbelastend%20T%c3%a4tigen%20in%20einer%20Querschnittstudie%20am%20Beispiel%20der%20Belegschaft%20des%20Bundeswehrkrankenhauses%20Leipzig.pdf,pdf,FAILED
1008,370,Euro%20J%20of%20Neurology%20-%202023%20-%20Obermann%20-%20Cognitive%20deficits%20in%20patients%20with%20peripheral%20vestibular%20dysfunction.pdf,pdf,FAILED
1009,371,000530283.pdf,pdf,SUCCESS
1010,372,Cancer%20Medicine%20-%202022%20-%20Schildmann%20-%20Evaluating%20requests%20for%20physician%e2%80%90assisted%20suicide%20A%20survey%20among%20German%20oncologists.pdf,pdf,FAILED
1011,373,Mey_Current-Transformations.pdf,pdf,SUCCESS
1012,374,prom.pdf,pdf,SUCCESS
1013,375,s12909-020-1966-3.pdf,pdf,SUCCESS
1014,376,10-1108_jmhtep-05-2024-0052.pdf,pdf,SUCCESS
1015,377,prom.pdf,pdf,SUCCESS
1016,378,DISSERTATION_PAULICKE_Bibliotheksversion.pdf,pdf,SUCCESS
1017,379,10447318-2024-2319916.pdf,pdf,SUCCESS
1018,380,s12913-024-12123-4.pdf,pdf,SUCCESS
1019,381,s12872-020-01641-8.pdf,pdf,SUCCESS
1020,382,Dissertation_Ille.pdf,pdf,SUCCESS
1021,383,WilbergerVeronika_Personalauswahlinterview_als_Instrument.pdf,pdf,SUCCESS
1022,384,WagnerKonrad_IoT-Plattformen%20branchenspezifisch%20evaluieren.pdf,pdf,SUCCESS
1023,385,EisenlohrDaphne_Museen%20als%20Freizeitorte.pdf,pdf,SUCCESS
1024,386,e102212.full.pdf,pdf,SUCCESS
1025,387,Masterarbeit%20Kiana%20Kusch.pdf,pdf,SUCCESS
1026,388,e066291.full.pdf,pdf,SUCCESS
1027,389,HeydrichLarsEffizienzoptimierung%20im%20Controlling.pdf,pdf,SUCCESS
1028,390,Dissertation%20Bunkus%20Who%20farms%20the%20fields.pdf,pdf,SUCCESS
1029,391,s12888-025-06608-7.pdf,pdf,SUCCESS
1030,392,Dissertation_MLU_2022_HolthusenCorinna.pdf,pdf,SUCCESS
1031,393,00000001.jpg,jpg,SUCCESS
1032,393,73369618X.pdf,pdf,SUCCESS
1033,394,Dissertation_Oliver_Alexander_Normann.pdf,pdf,SUCCESS
1034,395,Mu%cc%88llerTimo_DerPrEP-Effekt.pdf,pdf,SUCCESS
1035,396,ForssmanAlice_Neurechte_Sprachstrategien_und_VBergleich_mit_nationalsozialistischer_Sprache.pdf,pdf,SUCCESS
1036,397,5543335.pdf,pdf,SUCCESS
1037,398,s11618-020-00952-y.pdf,pdf,SUCCESS
1038,399,SimovicLianaJoelle_Sexuelle_Kommunikation_von_Frauen_in_heterosexuellen_Paarbeziehungen.pdf,pdf,SUCCESS
1039,400,HirschAnnaMagdalena_Gamification%20von%20Gesundheitsapps%20am%20Beispiel%20von%20Zyklus-Tracking.pdf,pdf,SUCCESS
1040,401,Sozio%c3%b6konomische%20Ungleichheiten%20im%20Versorgungsverlauf%20am%20Beispiel%20der%20koronaren%20Herzkrankheit.pdf,pdf,FAILED
1041,402,Dissertation%2c%20Liedersammler%20Albert%20Brosch%2c%20Claudia%20Behn%20%28komplett%29.pdf,pdf,SUCCESS
1042,403,AI-Debate2021_Rauschenberger%2c%20Maria_Final.pdf,pdf,SUCCESS
1043,404,Dissertation_Julia_Cheyre.pdf,pdf,SUCCESS
1044,405,jan.14694.pdf,pdf,SUCCESS
1045,406,5706.pdf,pdf,SUCCESS
1046,407,s12911-024-02821-8.pdf,pdf,SUCCESS
1047,408,Habilitationsschrift%20Susanne%20Saal.pdf,pdf,SUCCESS
1048,409,ijgi-11-00157-v2.pdf,pdf,SUCCESS
1049,410,s40814-025-01627-3.pdf,pdf,SUCCESS
1050,411,06_Sperk.pdf,pdf,SUCCESS
1051,412,00000001.jpg,jpg,SUCCESS
1052,412,311156258.pdf,pdf,SUCCESS
1053,413,brainsci-16-00233.pdf,pdf,SUCCESS
1054,414,MA_Sube_Gebet_20103070.pdf,pdf,SUCCESS
1055,415,Outcome%20und%20Assessment%20kardiologischer%20Patienten%20in%20h%c3%b6herem%20Lebensalter.pdf,pdf,SUCCESS
1056,416,journal.pone.0315891.pdf,pdf,SUCCESS
1057,417,Psych_Test_16.pdf,pdf,SUCCESS
1058,418,HirsekornNathalie_Abh%c3%a4ngigkeitspotenzial%20von%20PDE5-Hemmern%20bei%20jungen%2c%20gesunden%20M%c3%a4nnern.pdf,pdf,FAILED
1059,419,1.%20Janine%20Weckfu%c3%9f%20BA%20Sep%202013.pdf,pdf,SUCCESS
1060,420,oyad032.pdf,pdf,SUCCESS
1061,421,Sperrfrist.pdf,pdf,SUCCESS
1062,422,Kumar2021_Article_TheRoleOfInformationInfrastruc.pdf,pdf,SUCCESS
1063,423,WolffCaroline_Reproduktive%20Gerechtigkeit%20f%c3%bcr%20Menschen%20mit%20Lernschwierigkeiten%20in%20Wohneinrichtungen%20in%20Deutschland.pdf,pdf,FAILED
1064,424,PDF.pdf,pdf,SUCCESS
1065,425,Olivia%20Zurlinden_Masterarbeit_MA%20IV_anonymisiert%20%28003%29.pdf,pdf,SUCCESS
1066,426,GranerVivien_Zukunftsweisendes%20Branding_Zielgruppenorientiertes%20Corporate%20Design.pdf,pdf,SUCCESS
1067,427,2023_IDWL_Mardenli%20et%20al.pdf,pdf,SUCCESS
1068,428,Bachelorarbeit_Rath.pdf,pdf,SUCCESS
1069,428,Deloitte_TMT_Smart_Home_Studie_18.pdf,pdf,SUCCESS
1070,428,KNX-Basics_de-1.pdf,pdf,SUCCESS
1071,428,KNX-System-Principles_de.pdf,pdf,SUCCESS
1072,429,s12887-020-1943-3.pdf,pdf,SUCCESS
1073,430,Dissertation_MLU_2025_MarxYvonne.pdf,pdf,SUCCESS
1074,431,Paudyal%20et%20al._DLQI%20seems_2020.pdf,pdf,SUCCESS
1075,432,Dissertation_MLU_2021_PecherKati.pdf,pdf,SUCCESS
1076,433,s00508-022-02093-0.pdf,pdf,SUCCESS
1077,434,KrekelerJulia_Mandatskonflikte_der_Sozialen_Arbeit.pdf,pdf,SUCCESS
1078,435,Dez2025_Werkstattbericht_Weiterentwicklung_akademischer_Karrierewege_in_Deutschland.pdf,pdf,SUCCESS
1079,436,s12885-024-12294-7.pdf,pdf,SUCCESS
1080,437,Reinhardt_Andreas_Dissertation_2020.pdf,pdf,SUCCESS
1081,438,Schlegel_Thesis_Printversion.pdf,pdf,SUCCESS
1082,439,s13287-025-04766-9.pdf,pdf,SUCCESS
1083,440,LuetscherSamira_Stillerfahrungen_jenseits_gesellschaftlicher_Stillnormen.pdf,pdf,SUCCESS
