id,project_id,name,role
1,1,"Groothuis, Sanne",AUTHOR
2,2,Sjim Romme,AUTHOR
3,3,Mirian Wijbenga,AUTHOR
4,4,"Taban, Gabriel",AUTHOR
5,4,"Biwer, Felicitas",AUTHOR
6,4,"Bruin, Anique de",AUTHOR
7,5,"Lebon-McGregor, Elaine",AUTHOR
8,6,"Lebon-McGregor, Elaine",AUTHOR
9,7,"Lebon-McGregor, Elaine",AUTHOR
10,8,"Lebon-McGregor, Elaine",AUTHOR
11,9,"Lebon-McGregor, Elaine",AUTHOR
12,10,Katherine Wisener,AUTHOR
13,11,Katherine Wisener,AUTHOR
14,12,Katherine Wisener,AUTHOR
15,13,"Sahakian, Tina",AUTHOR
16,13,"Daouk-Öyry, Lina",AUTHOR
17,13,"Karam, Charlotte M.",AUTHOR
18,13,"Kooij, Dorien T.A.M.",AUTHOR
19,13,"Kroon, Brigitte",AUTHOR
20,13,"van de Vijver, Fons",AUTHOR
21,14,"De Visser - Amundson, Anna",AUTHOR
22,15,"van Rossum, Tiuri",AUTHOR
23,16,Hao Yu,AUTHOR
24,17,"Rovers, Sanne",AUTHOR
25,18,"Rovers, Sanne",AUTHOR
26,19,"Kleijn, de, Maurice",AUTHOR
27,20,"van Rossum, Tiuri",AUTHOR
28,21,"Njoroge, Casty Gatakaa Mbae",AUTHOR
29,22,"Nielebock, Sebastian",AUTHOR
30,22,"Ortmeier, Frank",CONTRIBUTOR
31,23,"Zacher, Sandro",AUTHOR
32,23,"Lauberger, Julia",AUTHOR
33,23,"Thiel, Carolin",AUTHOR
34,23,"Lühnen, Julia",AUTHOR
35,23,"Steckelberg, Anke",AUTHOR
36,24,"Bazata, Jeremias",AUTHOR
37,24,"Meesters, Sophie",AUTHOR
38,24,"Bozzaro, Claudia",AUTHOR
39,24,"Handtke, Violet",AUTHOR
40,24,"Schildmann, Jan",AUTHOR
41,24,"Heckel, Maria",AUTHOR
42,24,"Ostgathe, Christoph",AUTHOR
43,24,"Bausewein, Claudia",AUTHOR
44,24,"Schildmann, Eva",AUTHOR
45,25,"Winter, Kristina",AUTHOR
46,25,"Niemann, Jana",AUTHOR
47,25,"Jepsen, Dennis",AUTHOR
48,25,"Brzank, Petra",AUTHOR
49,26,"Dera, Meron",AUTHOR
50,26,"Wondimagegnehu, Abigiya",AUTHOR
51,26,"Asfaw, Zeytu G.",AUTHOR
52,27,"Fink, Louisa Marie",AUTHOR
53,27,"Ohlbrecht, Heike",CONTRIBUTOR
54,27,"Pasternack, Peer",CONTRIBUTOR
55,28,"Luegmair, Karolina Maria",AUTHOR
56,28,"Steckelberg, Anke",CONTRIBUTOR
57,28,"Schunk, Michaela",CONTRIBUTOR
58,28,"Schnebel, Stefanie",CONTRIBUTOR
59,29,"Ritter, Alexandra",AUTHOR
60,29,"Ritter, Michael",AUTHOR
61,30,"Heimerdinger, Julia",AUTHOR
62,30,"Auhagen, Wolfgang, Prof. Dr.",CONTRIBUTOR
63,30,"Hirschmann, Wolfgang, Prof. Dr.",CONTRIBUTOR
64,31,"Bieber, Anja Martha",AUTHOR
65,31,"Dammermann, Anna",AUTHOR
66,31,"Dichter, Martin",AUTHOR
67,31,"Dinand, Claudia",AUTHOR
68,31,"Eich-Krohm, Astrid",AUTHOR
69,31,"Freytag, Stefanie",AUTHOR
70,31,"Möhler, Ralph",AUTHOR
71,31,"Sander, Marco",AUTHOR
72,31,"Thalhammer, Regina",AUTHOR
73,31,"Fleischer, Steffen",AUTHOR
74,32,"Hertling, Stefan Ferdinand",AUTHOR
75,32,"Back, David A.",AUTHOR
76,32,"Kaiser, Mario",AUTHOR
77,32,"Loos, Franziska Maria",AUTHOR
78,32,"Schleußner, Ekkehard",AUTHOR
79,32,"Graul, Isabel",AUTHOR
80,33,"Krüger, Lars",AUTHOR
81,33,"Mannebach, Thomas",AUTHOR
82,33,"Zittermann, Armin",AUTHOR
83,33,"Wefer, Franziska",AUTHOR
84,33,"Dossow, Vera",AUTHOR
85,33,"Rojas Hernandez, Sebastian",AUTHOR
86,33,"Gummert, Jan",AUTHOR
87,33,"Langer, Gero",AUTHOR
88,34,"Tesfaw, Aragaw",AUTHOR
89,34,"Addissie, Adamu",AUTHOR
90,34,"Kantelhardt, Eva Johanna",AUTHOR
91,34,"Getachew Kelbore, Sefonias",AUTHOR
92,35,"Samietz, Stefanie A.",AUTHOR
93,35,"Borof, Katrin",AUTHOR
94,35,"Hertrampf, Katrin",AUTHOR
95,35,"Aarabi, Ghazal",AUTHOR
96,35,"Ciardo, Antonio",AUTHOR
97,35,"Finke, Hannah",AUTHOR
98,35,"Hagenfeld, Daniel",AUTHOR
99,35,"Kühnisch, Jan",AUTHOR
100,35,"Rütters, Maurice",AUTHOR
101,35,"Führer, Amand-Gabriel",AUTHOR
102,35,"Kluttig, Alexander",AUTHOR
103,36,"Blume, Miriam",AUTHOR
104,36,"Schienkiewitz, Anja",AUTHOR
105,36,"Wollgast, Lina",AUTHOR
106,36,"Hoffmann, Stephanie",AUTHOR
107,36,"Sander, Lydia",AUTHOR
108,36,"Spallek, Jacob",AUTHOR
109,36,"Herr, Raphael",AUTHOR
110,36,"Moor, Irene",AUTHOR
111,36,"Pischke, Claudia Ruth",AUTHOR
112,36,"Iashchenko, Iryna",AUTHOR
113,36,"Santos-Hövener, Claudia",AUTHOR
114,36,"Rattay, Petra",AUTHOR
115,37,"Böhm, Amelie",AUTHOR
116,37,"Voß, Heinz-Jürgen",CONTRIBUTOR
117,37,"Henning, Ann-Marlene",CONTRIBUTOR
118,38,"Stucki, Jeannette",AUTHOR
119,38,"Weller, Konrad",CONTRIBUTOR
120,38,"Jufer, Heinz",CONTRIBUTOR
121,39,"Hofstetter, Sebastian",AUTHOR
122,39,"Ritter-Herschbach, Madeleine",AUTHOR
123,39,"Behr, Dominik",AUTHOR
124,39,"Hager, Melina",AUTHOR
125,39,"Turzer, Marie-Luise",AUTHOR
126,39,"Linde, Alexander",AUTHOR
127,39,"Schönburg, Sandra",AUTHOR
128,39,"Jahn, Patrick",AUTHOR
129,40,"Dudle, Simone",AUTHOR
130,40,"Schütz, Esther Elisabeth",CONTRIBUTOR
131,40,"Stumpe, Harald",CONTRIBUTOR
132,41,"Leopold, Maxi",AUTHOR
133,41,"Andreas, Elisabeth",CONTRIBUTOR
134,41,"Voß, Heinz-Jürgen",CONTRIBUTOR
135,42,"Eckervogt, Yannick",AUTHOR
136,42,"Schnelle, Hannah Emmy",AUTHOR
137,42,"Mosch, Josephine",AUTHOR
138,43,"Hinneburg, Jana",AUTHOR
139,43,"Gasteiger-Klicpera, Barbara",AUTHOR
140,43,"Kasper, Jürgen",AUTHOR
141,43,"Lühnen, Julia",AUTHOR
142,43,"Maitz, Katharina",AUTHOR
143,43,"Martens, Thomas",AUTHOR
144,43,"Steckelberg, Anke",AUTHOR
145,44,"Achermann Kälin, Stefanie",AUTHOR
146,44,"Schütz, Esther Elisabeth",CONTRIBUTOR
147,44,"Voß, Heinz-Jürgen",CONTRIBUTOR
148,45,"Schröpfer, Kirsten",AUTHOR
149,45,"Schmid, Pia",CONTRIBUTOR
150,45,"Löw, Martina",CONTRIBUTOR
151,45,"Breidenstein, Georg",CONTRIBUTOR
152,46,"Schläfli, Laila",AUTHOR
153,46,"Voß, Heinz-Jürgen",CONTRIBUTOR
154,46,"Kneubühler, Ben",CONTRIBUTOR
155,47,"Flamme, Lara Rachel",AUTHOR
156,47,"Stumpe, Harald",CONTRIBUTOR
157,47,"Weller, Konrad",CONTRIBUTOR
158,48,"Masalle, Agata",AUTHOR
159,48,"Schwarzenau, Dieter",CONTRIBUTOR
160,49,Allaguli,AUTHOR
161,50,"Wolf, Sophie-Marie",AUTHOR
162,50,"Hoßbach, Christian",AUTHOR
163,50,"Kurzmann, Anne",AUTHOR
164,51,"Müller, Andreas",AUTHOR
165,52,"Kriesten, Ursula",AUTHOR
166,52,"Behrens, Johann",CONTRIBUTOR
167,52,"Gronemeyer, Reimer",CONTRIBUTOR
168,52,"Gerhard, Horst",CONTRIBUTOR
169,53,"Bielefeldt, Franziska",AUTHOR
170,53,"Obst, Lisa",AUTHOR
171,53,"Dick, Michael",CONTRIBUTOR
172,53,"von der Weth, Rüdiger",CONTRIBUTOR
173,54,"Killinger, Kristina",AUTHOR
174,54,"Seyfried, Verena",AUTHOR
175,54,"Brusniak, Katharina",AUTHOR
176,54,"Wallwiener, Markus",AUTHOR
177,54,"Abou-Dakn, Michael",AUTHOR
178,54,"Scholle, Dorothea",AUTHOR
179,54,"Wallwiener, Stephanie",AUTHOR
180,55,"Schultz, Felix Carl",AUTHOR
181,55,"Valentinov, Vladislav",AUTHOR
182,55,"Kirchherr, Julian",AUTHOR
183,55,"Reinhardt, Robert Jaroslav",AUTHOR
184,55,"Pies, Ingo",AUTHOR
185,56,"Hinneburg, Jana Sophie",AUTHOR
186,56,"Zacher, Sandro",AUTHOR
187,56,"Berger-Höger, Birte",AUTHOR
188,56,"Berger-Thürmel, Karin",AUTHOR
189,56,"Kratzer, Vanessa",AUTHOR
190,56,"Steckelberg, Anke",AUTHOR
191,56,"Lühnen, Julia",AUTHOR
192,57,"Barabadi, Elyas",AUTHOR
193,57,"Elahi Shirvan, Majid",AUTHOR
194,57,"Shahnama, Mojdeh",AUTHOR
195,57,"Proyer, René T.",AUTHOR
196,58,"Scheydt, Stefan Thomas",AUTHOR
197,58,"Behrens, Johann",CONTRIBUTOR
198,58,"Höhmann, Ulrike",CONTRIBUTOR
199,58,"Richter, Dirk",CONTRIBUTOR
200,58,"Hemmeter, Ulrich Michael",CONTRIBUTOR
201,59,"Kern, Christoph",AUTHOR
202,59,"Haerting, J., Prof. Dr.",CONTRIBUTOR
203,59,"Ohmann, C., Prof. Dr.",CONTRIBUTOR
204,59,"Gaul, C., PD Dr.",CONTRIBUTOR
205,60,"Bendel, Sebastian",AUTHOR
206,61,"Deckert, Stefanie",AUTHOR
207,61,"Slesaczeck, Julia",AUTHOR
208,61,"Druschke, Diana",AUTHOR
209,61,"Beyer, Franziska",AUTHOR
210,61,"Schmitt, Jochen",AUTHOR
211,61,"Lützner, Jörg",AUTHOR
212,61,"Lange, Toni",AUTHOR
213,62,"Jaeschke, Lina",AUTHOR
214,62,"Steinbrecher, Astrid",AUTHOR
215,62,"Greiser, Karin Halina",AUTHOR
216,62,"Dörr, Marcus",AUTHOR
217,62,"Buck, Thomas",AUTHOR
218,62,"Linseisen, Jakob",AUTHOR
219,62,"Meisinger, Christa",AUTHOR
220,62,"Ahrens, Wolfgang",AUTHOR
221,62,"Becher, Heiko",AUTHOR
222,62,"Berger, Klaus",AUTHOR
223,62,"Braun, Bettina",AUTHOR
224,62,"Brenner, Hermann",AUTHOR
225,62,"Gastell, Stefanie",AUTHOR
226,62,"Fischer, Beate",AUTHOR
227,62,"Franzke, Claus-Werner",AUTHOR
228,62,"Gastell, Sylvia",AUTHOR
229,62,"Günther, Kathrin",AUTHOR
230,62,"Hoffmann, Wolfgang",AUTHOR
231,62,"Holleczek, Bernd",AUTHOR
232,62,"Jagodzinski, Annika",AUTHOR
233,62,"Kaaks, Rudolf",AUTHOR
234,62,"Kluttig, Alexander",AUTHOR
235,62,"Krause, Gérard",AUTHOR
236,62,"Krist, Lilian",AUTHOR
237,62,"Kuß, Oliver",AUTHOR
238,62,"Lehnich, Anna-Therese",AUTHOR
239,62,"Leitzmann, Michael",AUTHOR
240,62,"Lieb, Wolfgang",AUTHOR
241,62,"Löffler, Markus",AUTHOR
242,62,"Michels, Karin",AUTHOR
243,62,"Mikolajczyk, Rafael",AUTHOR
244,62,"Peters, Annette",AUTHOR
245,62,"Schikowski, Tamara",AUTHOR
246,62,"Schipf, Sabine",AUTHOR
247,62,"Schmidt, Börge",AUTHOR
248,62,"Schulze, Matthias Bernd",AUTHOR
249,62,"Völzke, Henry",AUTHOR
250,62,"Willich, Stefan N.",AUTHOR
251,62,"Pischon, Tobias",AUTHOR
252,63,"Blume, Kai Svane",AUTHOR
253,63,"Kirchner-Heklau, Uta",AUTHOR
254,63,"Winter, Vera",AUTHOR
255,63,"Meyer, Gabriele",AUTHOR
256,63,"Fleischer, Steffen",AUTHOR
257,64,"Olschowsky, Mathilde",AUTHOR
258,64,"Voß, Heinz-Jürgen",CONTRIBUTOR
259,64,"Urban, Maria",CONTRIBUTOR
260,65,"Dalko, Katharina",AUTHOR
261,65,"Elsuson, Hlynur Andri",AUTHOR
262,65,"Hofstetter, Sebastian",AUTHOR
263,65,"Stoevesandt, Dietrich",AUTHOR
264,65,"Paulicke, Denny",AUTHOR
265,65,"Helm, Jürgen",AUTHOR
266,66,"Zurlinden, Olivia",AUTHOR
267,66,"Jufer, Heinz",CONTRIBUTOR
268,66,"Weller, Konrad",CONTRIBUTOR
269,67,"Moritz, Arne",AUTHOR
270,68,"Albers, Antonia",AUTHOR
271,68,"Kuniß, Nadine",AUTHOR
272,68,"Kloos, Christof",AUTHOR
273,68,"Wolf, Gunter",AUTHOR
274,68,"Schmidt, Sebastian",AUTHOR
275,68,"Müller, Nicolle",AUTHOR
276,69,"Milatz, Florian",AUTHOR
277,69,"Hansmann, Sandra",AUTHOR
278,69,"Klotsche, Jens",AUTHOR
279,69,"Niewerth, Martina",AUTHOR
280,69,"Kallinich, Tilmann",AUTHOR
281,69,"Dressler, Frank",AUTHOR
282,69,"Haas, Johannes-Peter",AUTHOR
283,69,"Berendes, Rainer",AUTHOR
284,69,"Horneff, Gerd",AUTHOR
285,69,"Hufnagel, Markus",AUTHOR
286,69,"Weller-Heinemann, Frank",AUTHOR
287,69,"Windschall, Daniel",AUTHOR
288,70,"Niemann, Jana-Kristin",AUTHOR
289,70,"Glaum, Lisa",AUTHOR
290,70,"Hofmann, Lea",AUTHOR
291,70,"Freymüller, Nadja",AUTHOR
292,70,"Schenk, Liane",AUTHOR
293,71,"Münch, Linda",AUTHOR
294,71,"Schreiner, Mario",CONTRIBUTOR
295,71,"Schwendowius, Dorothee",CONTRIBUTOR
296,72,"Reufsteck, Benjamin",AUTHOR
297,72,"Watzke, Stefan",CONTRIBUTOR
298,72,"Strauß, Bernhard",CONTRIBUTOR
299,72,"Pillmann, Frank",CONTRIBUTOR
300,73,"Werhahn, Katharina",AUTHOR
301,73,"Richter, Matthias",CONTRIBUTOR
302,73,"Schomerus, Georg",CONTRIBUTOR
303,73,"Schmidt-Semisch, Henning",CONTRIBUTOR
304,74,"Weist, Marie-Luise",AUTHOR
305,74,"Urban, Maria",CONTRIBUTOR
306,74,"Böhm, Maika",CONTRIBUTOR
307,75,"Wondimagegnehu, Abigiya",AUTHOR
308,75,"Gizaw, Muluken",AUTHOR
309,75,"Abebe, Lidya Genene",AUTHOR
310,75,"Teka, Brhanu",AUTHOR
311,75,"Kaufmann, Andreas",AUTHOR
312,75,"Abbäbä, Tamrat",AUTHOR
313,75,"McMahon-Rössle, Shannon A.",AUTHOR
314,75,"Addissie, Adamu",AUTHOR
315,75,"Kantelhardt, Eva Johanna",AUTHOR
316,76,"Broda, Anja",AUTHOR
317,76,"Bieber, Anja",AUTHOR
318,76,"Meyer, Gabriele",AUTHOR
319,76,"Hopper, Louise",AUTHOR
320,76,"Joyce, Rachael",AUTHOR
321,76,"Irving, Kate",AUTHOR
322,76,"Zanetti, Orazio",AUTHOR
323,76,"Portolani, Elisa",AUTHOR
324,76,"Kerpershoek, Liselot",AUTHOR
325,76,"Verhey, Frans",AUTHOR
326,76,"Vugt, Marjolein",AUTHOR
327,76,"Wolfs, Claire",AUTHOR
328,76,"Eriksen, Siren",AUTHOR
329,76,"Røsvik, Janne",AUTHOR
330,76,"Marques, Maria J.",AUTHOR
331,76,"Gonçalves-Pereira, Manuel",AUTHOR
332,76,"Sjölund, Britt-Marie",AUTHOR
333,76,"Woods, Bob",AUTHOR
334,76,"Jelley, Hannah",AUTHOR
335,76,"Orrell, Martin",AUTHOR
336,76,"Stephan, Astrid",AUTHOR
337,77,"Musolff, Tabea",AUTHOR
338,77,"Schwartz, Manuela",CONTRIBUTOR
339,78,unknown,AUTHOR
340,78,"Mohammad Reza <Iran, Schah>",CONTRIBUTOR
341,78,"محمد رضا <ایران, شاه>",CONTRIBUTOR
342,79,"Ruessel, Katharina",AUTHOR
343,79,"Luecke, Eva",AUTHOR
344,79,"Schreiber, Jens",AUTHOR
345,80,"Dongen, L. J. C.",AUTHOR
346,80,"Leino-Kilpi, Helena",AUTHOR
347,80,"Jónsdóttir, H.",AUTHOR
348,80,"Meyer, G.",AUTHOR
349,80,"Henriques, M. A.",AUTHOR
350,80,"Schoonhoven, Louis M.",AUTHOR
351,80,"Suhonen, Riita",AUTHOR
352,80,"Hafsteinsdóttir, T. B.",AUTHOR
353,81,"Lippitsch, Antonia",AUTHOR
354,81,"Steglich, Jonas",AUTHOR
355,81,"Ludwig, Christiane",AUTHOR
356,81,"Kellner, Juliane",AUTHOR
357,81,"Hempel, Linn",AUTHOR
358,81,"Stoevesandt, Dietrich",AUTHOR
359,81,"Thews, Oliver",AUTHOR
360,82,"Gabes, Michaela",AUTHOR
361,82,"Tischer, Christina",AUTHOR
362,82,"Herrmann, Anne",AUTHOR
363,82,"Howells, Laura",AUTHOR
364,82,"Apfelbacher, Christian",AUTHOR
365,83,"Ryll, Johannes",AUTHOR
366,83,"Wagner, Peter",CONTRIBUTOR
367,83,"Möller, Detlev",CONTRIBUTOR
368,84,"Wahl, Mathias",AUTHOR
369,85,"Hartrott, Corinna",AUTHOR
370,86,"Getu, Mikiyas Amare",AUTHOR
371,86,"Kaba, Mirgissa",AUTHOR
372,86,"Addissie, Adamu",AUTHOR
373,86,"Seife, Edom",AUTHOR
374,86,"Wang, Panpan",AUTHOR
375,86,"Zhang, Xianbin",AUTHOR
376,86,"Chen, Changying",AUTHOR
377,86,"Kantelhardt, Eva Johanna",AUTHOR
378,87,"Barta, Simon",AUTHOR
379,87,"Voß, Heinz-Jürgen",CONTRIBUTOR
380,87,"Melzer, Matthias",CONTRIBUTOR
381,88,"Wiedemann, Felix",AUTHOR
382,89,"Terne, Nicole",AUTHOR
383,89,"Foljanty-Jost, Gesine",CONTRIBUTOR
384,89,"Smeddinck, Ulrich",CONTRIBUTOR
385,90,"Hoben, Matthias",AUTHOR
386,90,"Behrens, Johann, Prof. Dr.",CONTRIBUTOR
387,90,"Brandenburg, Hermann, Prof. Dr.",CONTRIBUTOR
388,90,"Schilling, Oliver, Prof. Dr.",CONTRIBUTOR
389,91,"Preuß, Ulrich",AUTHOR
390,91,"Hesselbrock, Michie N.",AUTHOR
391,91,"Hesselbrock, Victor M.",AUTHOR
392,92,"Pfennig, Jonas",AUTHOR
393,92,"Meng, Michael",CONTRIBUTOR
394,92,"Bedtke, Norman",CONTRIBUTOR
395,93,"Krüger, Lars",AUTHOR
396,93,"Mannebach, Thomas",AUTHOR
397,93,"Wefer, Franziska",AUTHOR
398,93,"Langer, Gero",AUTHOR
399,93,"Schramm, René",AUTHOR
400,93,"Luderer, Christiane",AUTHOR
401,94,"Gomez-Rossi, Jesus",AUTHOR
402,94,"Schwartzkopff, Jondis",AUTHOR
403,94,"Müller, Anne",AUTHOR
404,94,"Hertrampf, Katrin",AUTHOR
405,94,"Abraham, Jens",AUTHOR
406,94,"Gassmann, Georg",AUTHOR
407,94,"Schlattmann, Peter",AUTHOR
408,94,"Göstemeyer, Gerd",AUTHOR
409,94,"Schwendicke, Falk",AUTHOR
410,95,"Mölle, Ulrike",AUTHOR
411,95,"Vordermark, Dirk",CONTRIBUTOR
412,95,"Thomssen, Christoph",CONTRIBUTOR
413,95,"Souchon, Rainer",CONTRIBUTOR
414,96,"Lammers, Tobias",AUTHOR
415,96,"Melzer, Matthias",CONTRIBUTOR
416,96,"Döring, Daniela",CONTRIBUTOR
417,97,"Martin, Olaf",AUTHOR
418,97,"Richter, Matthias",CONTRIBUTOR
419,97,"Stöbel-Richter, Yve",CONTRIBUTOR
420,97,"Berth, Hendrik",CONTRIBUTOR
421,98,"Jazdi Motlagh, Maral",AUTHOR
422,98,"Voß, Heinz-Jürgen",CONTRIBUTOR
423,98,"Bayramoğlu, Yener",CONTRIBUTOR
424,99,"Coburn, Noah",AUTHOR
425,100,"Andersch, Claudia",AUTHOR
426,100,"Kitze, Katharina",CONTRIBUTOR
427,101,"Fischer, Jannis",AUTHOR
428,101,"Döring, Andre",CONTRIBUTOR
429,101,"Fiedler, Alexandra",CONTRIBUTOR
430,102,"Graf, Sarah",AUTHOR
431,102,"Schütz, Esther Elisabeth",CONTRIBUTOR
432,102,"Voß, Heinz-Jürgen",CONTRIBUTOR
433,103,"Engler-Wettler, Ladina Maria",AUTHOR
434,103,"Voß, Heinz-Jürgen",CONTRIBUTOR
435,103,"Gohnin-Spahni, Stefanie",CONTRIBUTOR
436,104,"Müller, Andreas",AUTHOR
437,105,"Luge, Laura Sophie",AUTHOR
438,105,"Voß, Heinz-Jürgen",CONTRIBUTOR
439,105,"Weller, Cornelia",CONTRIBUTOR
440,106,"Schürmann, Alina",AUTHOR
441,106,"Kleemann, Janina",AUTHOR
442,106,"Teucher, Mike",AUTHOR
443,106,"Fürst, Christine",AUTHOR
444,106,"Conrad, Christopher",AUTHOR
445,107,"Zimmermann, Markus",AUTHOR
446,108,"Wanninger, Laura",AUTHOR
447,108,"Zeugner, Marco",CONTRIBUTOR
448,108,"Meng, Michael",CONTRIBUTOR
449,109,"Kabirigi, Michel",AUTHOR
450,109,"Balmann, Alfons",CONTRIBUTOR
451,109,"Leeuwis, Cees",CONTRIBUTOR
452,109,"Garrett, Karen",CONTRIBUTOR
453,110,"Wild, Carolin",AUTHOR
454,110,"Menting, Erich",CONTRIBUTOR
455,110,"Barsch, Gundula",CONTRIBUTOR
456,111,"Thiel, Sören",AUTHOR
457,111,"Schwarzenau, Dieter",CONTRIBUTOR
458,112,"Brunner, Marianne",AUTHOR
459,112,"Schütz, Esther Elisabeth",CONTRIBUTOR
460,112,"Kneubühler, Ben",CONTRIBUTOR
461,113,"Msoka, Elizabeth F.",AUTHOR
462,113,"Henke, Oliver",AUTHOR
463,113,"Blanchard, Charmaine",AUTHOR
464,113,"Joffe, Maureen",AUTHOR
465,113,"Kantelhardt, Eva Johanna",AUTHOR
466,113,"Mmbaga, Blandina T.",AUTHOR
467,113,[und viele weitere9,AUTHOR
468,114,"Bauernschmidt, Dorothee Brigitte",AUTHOR
469,114,"Bieber, Anja Martha",AUTHOR
470,114,"Hubrich, Ronja",AUTHOR
471,114,"Wittmann, Janina",AUTHOR
472,114,"Meyer, Gabriele",AUTHOR
473,115,"Peters, Annette",AUTHOR
474,115,"Greiser, Karin Halina",AUTHOR
475,115,"Göttlicher, Susanne",AUTHOR
476,115,"Ahrens, Wolfgang",AUTHOR
477,115,"Albrecht, Maren",AUTHOR
478,115,"Bamberg, Fabian",AUTHOR
479,115,"Bärnighausen, Till",AUTHOR
480,115,"Becher, Heiko",AUTHOR
481,115,"Berger, Klaus",AUTHOR
482,115,"Beule, Achim Georg",AUTHOR
483,115,"Böing, Heiner",AUTHOR
484,115,"Bohn, Barbara",AUTHOR
485,115,"Bohnert, Kerstin",AUTHOR
486,115,"Braun, Bettina",AUTHOR
487,115,"Brenner, Hermann",AUTHOR
488,115,"Bülow, Robin",AUTHOR
489,115,"Castell, Stefanie",AUTHOR
490,115,"Damms Machado, Antje",AUTHOR
491,115,"Dörr, Marcus",AUTHOR
492,115,"Ebert, Nina",AUTHOR
493,115,"Ecker, Margit",AUTHOR
494,115,"Emmel, Carina",AUTHOR
495,115,"Fischer, Beate",AUTHOR
496,115,"Franzke, Claus-Werner",AUTHOR
497,115,"Gastell, Sylvia",AUTHOR
498,115,"Giani, Guido",AUTHOR
499,115,"Günther, Matthias",AUTHOR
500,115,"Günther, Kathrin",AUTHOR
501,115,"Günther, Klaus-Peter",AUTHOR
502,115,"Haerting, Johannes",AUTHOR
503,115,"Haug, Ulrike",AUTHOR
504,115,"Heid, Iris M.",AUTHOR
505,115,"Heier, Margit",AUTHOR
506,115,"Heinemeyer, Diana",AUTHOR
507,115,"Hendel, Thomas",AUTHOR
508,115,"Herbolsheimer, Florian",AUTHOR
509,115,"Hirsch, Jochen",AUTHOR
510,115,"Hoffmann, Wolfgang",AUTHOR
511,115,"Holleczek, Bernd",AUTHOR
512,115,"Hölling, Heike",AUTHOR
513,115,"Hörlein, Andreas",AUTHOR
514,115,"Jöckel, Karl-Heinz",AUTHOR
515,115,"Kaaks, Rudolf",AUTHOR
516,115,"Karch, André",AUTHOR
517,115,"Karrasch, Stefan",AUTHOR
518,115,"Kartschmit, Nadja",AUTHOR
519,115,"Kauczor, Hans-Ulrich",AUTHOR
520,115,"Keil, Thomas",AUTHOR
521,115,"Kemmling-Kerić, Yvonne",AUTHOR
522,115,"Klee, Bianca",AUTHOR
523,115,"Klüppelholz, Birgit",AUTHOR
524,115,"Kluttig, Alexander",AUTHOR
525,115,"Kofink, Lisa",AUTHOR
526,115,"Köttgen, Anna",AUTHOR
527,115,"Kraft, Daniel",AUTHOR
528,115,"Krause, Gérard",AUTHOR
529,115,"Kretz, Lisa",AUTHOR
530,115,"Krist, Lilian",AUTHOR
531,115,"Kühnisch, Jan",AUTHOR
532,115,"Kuß, Oliver",AUTHOR
533,115,"Legath, Nicole",AUTHOR
534,115,"Lehnich, Anna-Therese",AUTHOR
535,115,"Leitzmann, Michael",AUTHOR
536,115,"Lieb, Wolfgang",AUTHOR
537,115,"Linseisen, Jakob",AUTHOR
538,115,"Löffler, Markus",AUTHOR
539,115,"Macdonald, Anke",AUTHOR
540,115,"Maier-Hein, Klaus H.",AUTHOR
541,115,"Mangold, Nina",AUTHOR
542,115,"Meinke-Franze, Claudia",AUTHOR
543,115,"Meisinger, Christa",AUTHOR
544,115,"Melzer, Juliane",AUTHOR
545,115,"Mergarten, Björn",AUTHOR
546,115,"Michels, Karin",AUTHOR
547,115,"Mikolajczyk, Rafael",AUTHOR
548,115,"Moebus, Susanne",AUTHOR
549,115,"Mueller, Ulrich",AUTHOR
550,115,"Nauck, Matthias",AUTHOR
551,115,"Niendorf, Thoralf",AUTHOR
552,115,"Nikolaou, Konstantin",AUTHOR
553,115,"Obi, Nadia",AUTHOR
554,115,"Ostrzinski, Stefan",AUTHOR
555,115,"Panreck, Leo",AUTHOR
556,115,"Pigeot, Iris",AUTHOR
557,115,"Pischon, Tobias",AUTHOR
558,115,"Pschibul-Thamm, Irene",AUTHOR
559,115,"Rathmann, Wolfgang",AUTHOR
560,115,"Reineke, Achim",AUTHOR
561,115,"Roloff, Stefanie",AUTHOR
562,115,"Rujescu, Dan",AUTHOR
563,115,"Rupf, Stefan",AUTHOR
564,115,"Sander, Oliver",AUTHOR
565,115,"Schikowski, Tamara",AUTHOR
566,115,"Schipf, Sabine",AUTHOR
567,115,"Schirmacher, Peter",AUTHOR
568,115,"Schlett, Christopher L.",AUTHOR
569,115,"Schmidt, Börge",AUTHOR
570,115,"Schmidt, Georg",AUTHOR
571,115,"Schmidt, Martin",AUTHOR
572,115,"Schöne, Gina",AUTHOR
573,115,"Schulz, Holger",AUTHOR
574,115,"Schulze, Matthias Bernd",AUTHOR
575,115,"Schweig, Alexandra",AUTHOR
576,115,"Sedlmeier, Anja",AUTHOR
577,115,"Selder, Sonja",AUTHOR
578,115,"Six-Merker, Julia",AUTHOR
579,115,"Sowade, Ramona Felizitas",AUTHOR
580,115,"Stang, Andreas",AUTHOR
581,115,"Stegle, Oliver",AUTHOR
582,115,"Steindorf, Karen",AUTHOR
583,115,"Stübs, Gunthard",AUTHOR
584,115,"Swart, Enno",AUTHOR
585,115,"Teismann, Henning",AUTHOR
586,115,"Thiele, Inke",AUTHOR
587,115,"Thierry, Sigrid",AUTHOR
588,115,"Ueffing, Marius",AUTHOR
589,115,"Völzke, Henry",AUTHOR
590,115,"Waniek, Sabina",AUTHOR
591,115,"Weber, Andrea",AUTHOR
592,115,"Werner, Nicole",AUTHOR
593,115,"Wichmann, Heinz Erich",AUTHOR
594,115,"Willich, Stefan N.",AUTHOR
595,115,"Wirkner, Kerstin",AUTHOR
596,115,"Wolf, Kathrin",AUTHOR
597,115,"Wolff, Robert",AUTHOR
598,115,"Zeeb, Hajo",AUTHOR
599,115,"Zinkhan, Melanie",AUTHOR
600,115,"Zschocke, Johannes",AUTHOR
601,116,"Rode, Julian",AUTHOR
602,116,"Bartkowski, Bartosz",AUTHOR
603,116,"Büttner, Nina",AUTHOR
604,116,"Müller, Birgit",AUTHOR
605,117,"Dieke, Marlene Christine",AUTHOR
606,117,"Schmidt, Heike Birgit",CONTRIBUTOR
607,117,"Steckelberg, Anke",CONTRIBUTOR
608,117,"Vordermark, Dirk",CONTRIBUTOR
609,117,"Goerling, Ute",CONTRIBUTOR
610,117,"Weis, Joachim",CONTRIBUTOR
611,118,"Denninger, Natascha-Elisabeth",AUTHOR
612,118,"Brefka, Simone",AUTHOR
613,118,"Dallmeier Rojas, Dhayana Elizabeth",AUTHOR
614,118,"Denkinger, Michael D.",AUTHOR
615,118,"Müller, Martin",AUTHOR
616,119,"Klingshirn, Hanna",AUTHOR
617,119,"Müller, Martin",AUTHOR
618,119,"Beutner, Katrin",AUTHOR
619,119,"Hirt, Julian",AUTHOR
620,119,"Strobl, Ralf",AUTHOR
621,119,"Grill, Eva",AUTHOR
622,119,"Meyer, Gabriele",AUTHOR
623,119,"Saal, Susanne",AUTHOR
624,120,"Will, Gisela",AUTHOR
625,120,"Becker, Regina",AUTHOR
626,120,"Winkler, Oliver",AUTHOR
627,121,"Stoye, Anja",AUTHOR
628,121,"Zimmer, Julia‐Marie",AUTHOR
629,121,"Girndt, Matthias",AUTHOR
630,121,"Mau, Wilfried",AUTHOR
631,122,"Bühler, Felix",AUTHOR
632,122,"Geyer, Jennifer",AUTHOR
633,122,"Meyer, Gabriele",AUTHOR
634,122,"Bieber, Anja Martha",AUTHOR
635,123,"Führer, Amand-Gabriel",AUTHOR
636,123,"Stang, Andreas, Prof. Dr.",CONTRIBUTOR
637,123,"Zeeb, Hajo, Prof. Dr.",CONTRIBUTOR
638,123,"Richter, Matthias, Prof. Dr.",CONTRIBUTOR
639,124,"Zacher, Sandra",AUTHOR
640,124,"Lauberger, Julia",AUTHOR
641,124,"Steckelberg, Anke",AUTHOR
642,124,"Lühnen, Julia",AUTHOR
643,124,"Rosenau, Henning",AUTHOR
644,124,"Steffen, Felicia",AUTHOR
645,125,"Keim, Helena",AUTHOR
646,125,"Böhm, Maika",CONTRIBUTOR
647,125,"Voß, Heinz-Jürgen",CONTRIBUTOR
648,126,Bidpai,AUTHOR
649,126,بيدبا,AUTHOR
650,126,"Cheikho, Louis",CONTRIBUTOR
651,126,"شيخو, لويس",CONTRIBUTOR
652,127,"Smeaton, Susan Elizabeth",AUTHOR
653,127,"Behrens, Johann",CONTRIBUTOR
654,127,"Inowlocki, Lena",CONTRIBUTOR
655,127,"Kohte, Wolfhard",CONTRIBUTOR
656,128,"Geldbach, Luisa",AUTHOR
657,129,"Kossack, Laura Isabell",AUTHOR
658,129,"Hoffmann, Katrin",CONTRIBUTOR
659,129,"Sackmann, Reinhold",CONTRIBUTOR
660,129,"Saal, Susanne",CONTRIBUTOR
661,130,"Drewitz, Karl Philipp",AUTHOR
662,130,"Stark, Klaus J.",AUTHOR
663,130,"Zimmermann, Martina E.",AUTHOR
664,130,"Heid, Iris M.",AUTHOR
665,130,"Apfelbacher, Christian",AUTHOR
666,131,"Roessel, Lies",AUTHOR
667,131,"Vonderau, Patrick",CONTRIBUTOR
668,131,"Fuchs, Mathias",CONTRIBUTOR
669,132,"Saal, Susanne",AUTHOR
670,132,"Klingshirn, Hanna",AUTHOR
671,132,"Beutner, Katrin",AUTHOR
672,132,"Strobl, Ralf Andreas",AUTHOR
673,132,"Grill, Eva",AUTHOR
674,132,"Müller, Martin",AUTHOR
675,132,"Meyer, Gabriele",AUTHOR
676,133,"Barta, Simon",AUTHOR
677,133,"Prof. Dr. Voß, Heinz-Jürgen",CONTRIBUTOR
678,133,"Melzer, Matthias",CONTRIBUTOR
679,134,"Opeyemi Okeleye, Sunday",AUTHOR
680,134,"Aimiosino Okhimamhe, Appollonia",AUTHOR
681,134,"Sanfo, Safietou",AUTHOR
682,134,"Fürst, Christine",AUTHOR
683,135,"Hofstetter, Sebastian",AUTHOR
684,135,"Müller, Pascal",AUTHOR
685,135,"Behr, Dominik",AUTHOR
686,135,"Thal, Suenye",AUTHOR
687,135,"Komiya, Motoaki",AUTHOR
688,135,"Dowiasch, Stefan",AUTHOR
689,135,"Jahn, Patrick",AUTHOR
690,136,"Schüßler, Charlotte",AUTHOR
691,136,"Nicolai, Susanne",AUTHOR
692,136,"Stoll-Kleemann, Susanne",AUTHOR
693,136,"Bartkowski, Bartosz",AUTHOR
694,137,"Lindmeier, Christian",AUTHOR
695,137,"Sagrauske, Mieke",AUTHOR
696,137,"Quast, Elisabeth",AUTHOR
697,137,"Grummt, Marek",AUTHOR
698,138,"Sommerlatte, Sabine",AUTHOR
699,138,"Hense, Helene",AUTHOR
700,138,"Nadolny, Stephan",AUTHOR
701,138,"Kraeft, Anna-Lena",AUTHOR
702,138,"Lugnier, Céline",AUTHOR
703,138,"Schmitt, Jochen Maximilian",AUTHOR
704,138,"Schoffer, Olaf",AUTHOR
705,138,"Reinacher-Schick, Anke Claudia",AUTHOR
706,138,"Schildmann, Jan",AUTHOR
707,139,"Wudy, Lisa",AUTHOR
708,140,"Hamacher, Marie",AUTHOR
709,140,"Weiß, Cornelia",AUTHOR
710,140,"Hämel, Kerstin",AUTHOR
711,141,"Gabes, Michaela",AUTHOR
712,142,"Müller, Rahel",AUTHOR
713,142,"Böhm, Maika",CONTRIBUTOR
714,142,"Weller, Cornelia",CONTRIBUTOR
715,143,"Kuon, Katy",AUTHOR
716,143,"Behrens, Johann",CONTRIBUTOR
717,143,"Haase, Roland",CONTRIBUTOR
718,143,"Haefeli, Walter E.",CONTRIBUTOR
719,143,"Mikus, Gerd",CONTRIBUTOR
720,144,"Schönburg, Sandra",AUTHOR
721,144,"Anheuser, Petra",AUTHOR
722,144,"Kranz, Jennifer",AUTHOR
723,144,"Fornara, Paolo",AUTHOR
724,144,"Oubaid, Viktor",AUTHOR
725,145,"Destaw, Alemnew",AUTHOR
726,145,"Getachew Kelbore, Sefonias",AUTHOR
727,145,"Getachew, Eyerusalem",AUTHOR
728,145,"Shita, Abel",AUTHOR
729,145,"Midaksa, Miresa",AUTHOR
730,145,"Rossner, Sophie Sarah",AUTHOR
731,145,"Kröber, Eric Sven",AUTHOR
732,145,"Addissie, Adamu",AUTHOR
733,145,"Kantelhardt, Eva Johanna",AUTHOR
734,145,"Gizaw, Muluken",AUTHOR
735,146,"Knoop, Tobias",AUTHOR
736,146,"Freymüller, Nadja",AUTHOR
737,146,"Meyer-Feil, Thorsten",AUTHOR
738,146,"Rathore, Farooq Azam",AUTHOR
739,147,"Bauernschmidt, Dorothee Brigitte",AUTHOR
740,147,"Meyer, Gabriele",CONTRIBUTOR
741,147,"Sirsch, Erika",CONTRIBUTOR
742,147,"Möhler, Ralph",CONTRIBUTOR
743,148,"Nehler, Klaus-Dieter",AUTHOR
744,148,"Taube, K. M.",CONTRIBUTOR
745,149,"Schmid, Jörg-Simon",AUTHOR
746,149,"Barsch, Gundula",CONTRIBUTOR
747,149,"Pfaff, Nicolle",CONTRIBUTOR
748,149,"Jungaberle, Henrik",CONTRIBUTOR
749,150,Bidpai,AUTHOR
750,150,بيدبا,AUTHOR
751,150,"Cheikho, Louis",CONTRIBUTOR
752,150,"شيخو, لويس",CONTRIBUTOR
753,151,"Schneeberger, Antonia",AUTHOR
754,151,"Böckelmann, Irina",CONTRIBUTOR
755,151,"Richter, Matthias",CONTRIBUTOR
756,152,"Schneidewind, Laila",AUTHOR
757,152,"Gakis, Georgios",AUTHOR
758,152,"Kranz, Jennifer",AUTHOR
759,152,[und viele weitere],AUTHOR
760,153,"Weise, Solveig",AUTHOR
761,153,"Steybe, Tatjana",AUTHOR
762,153,"Thiel, Carolin",AUTHOR
763,153,"Frese, Thomas",AUTHOR
764,154,"Kuusisto-Gussmann, Eero",AUTHOR
765,154,"Höckelmann, Carolin",AUTHOR
766,154,"von der Lühe, Verena",AUTHOR
767,154,"Schmädig, Roman",AUTHOR
768,154,"Baltes, Marion",AUTHOR
769,154,"Stephan, Astrid",AUTHOR
770,155,"Mardenli, Abdulaziz",AUTHOR
771,155,"Sträter, Katharina Friederike",AUTHOR
772,155,"Herrmann, Christoph",AUTHOR
773,155,"Sackmann, Dirk",AUTHOR
774,156,"Winkler, Nora",AUTHOR
775,156,"Herzog, Chiara",AUTHOR
776,156,"Knechtel, Sarah",AUTHOR
777,156,"Pillat, Lena",AUTHOR
778,156,"Rieck, Tom Felix",AUTHOR
779,156,"Schulze, Jannis",AUTHOR
780,156,"Wudy, Lisa",AUTHOR
781,156,"Everts, Jonathan",AUTHOR
782,157,"Gränert, Leonie Franziska",AUTHOR
783,158,"Mohs, Fabian",AUTHOR
784,158,"Lindner, Martin",CONTRIBUTOR
785,158,"Zabel, Jörg",CONTRIBUTOR
786,159,"Röhr, Susanne",AUTHOR
787,159,"Zülke, Andrea",AUTHOR
788,159,"Luppa, Melanie",AUTHOR
789,159,"Brettschneider, Christian",AUTHOR
790,159,"Weißenborn, Marina",AUTHOR
791,159,"Kühne, Flora",AUTHOR
792,159,"Zöllinger, Isabel",AUTHOR
793,159,"Samos, Franziska-Antonia Zora",AUTHOR
794,159,"Bauer, Alexander",AUTHOR
795,159,"Döhring, Juliane",AUTHOR
796,159,"Krebs-Hein, Kerstin",AUTHOR
797,159,"Oey, Anke",AUTHOR
798,159,"Czock, David",AUTHOR
799,159,"Frese, Thomas",AUTHOR
800,159,"Gensichen, Jochen",AUTHOR
801,159,"Haefeli, Walter E.",AUTHOR
802,159,"Hoffmann, Wolfgang",AUTHOR
803,159,"Kaduszkiewicz, Hanna",AUTHOR
804,159,"König, Hans-Helmut",AUTHOR
805,159,"Thyrian, Jochen René",AUTHOR
806,159,"Wiese, Birgitt",AUTHOR
807,159,"Riedel-Heller, Steffi G.",AUTHOR
808,160,"Assmus, Daniela",AUTHOR
809,160,"Fritzlar, Torsten",AUTHOR
810,161,"Felske, Sebastian",AUTHOR
811,161,"Wendt, Peter-Ulrich",CONTRIBUTOR
812,162,"Nitzsche, Romy",AUTHOR
813,162,"Böhm, Maika",CONTRIBUTOR
814,162,"Weller, Konrad",CONTRIBUTOR
815,163,"Meinel, Henriette",AUTHOR
816,163,"Klement, Andreas",CONTRIBUTOR
817,163,"Watzke, Stefan",CONTRIBUTOR
818,163,"Bleidorn, Jutta",CONTRIBUTOR
819,164,"Thomas, Stephan",AUTHOR
820,164,"Antos, Gerd, Prof. Dr.",CONTRIBUTOR
821,164,"Schuppener, Georg, Prof. Dr. Dr.",CONTRIBUTOR
822,165,"Schleiß, Johannes",AUTHOR
823,165,"Stober, Sebastian",CONTRIBUTOR
824,166,"Wiech, Ulrike",AUTHOR
825,167,"Beckers, Marie",AUTHOR
826,167,"Zeugner, Marco",CONTRIBUTOR
827,167,"Wolter, Robert",CONTRIBUTOR
828,168,"Abebe, Lidya Genene",AUTHOR
829,168,"Tilhahun, Abigiya",AUTHOR
830,168,"Labban, Laith A.",AUTHOR
831,168,"Teka, Brhanu",AUTHOR
832,168,"Kaufmann, Andreas",AUTHOR
833,168,"Abbäbä, Tamrat",AUTHOR
834,168,"Kantelhardt, Eva Johanna",AUTHOR
835,168,"Addissie, Adamu",AUTHOR
836,168,"Gizaw, Muluken",AUTHOR
837,169,"Speck-Wyrsch, Ariane",AUTHOR
838,169,"Jufer, Heinz",CONTRIBUTOR
839,169,"Weller, Konrad",CONTRIBUTOR
840,170,"West, Clara Margarete",AUTHOR
841,170,"Olk, Thomas, Prof. Dr.",CONTRIBUTOR
842,170,"Adloff, Frank, Prof. Dr.",CONTRIBUTOR
843,171,"Ulfat, Fahimah",AUTHOR
844,172,"Hollstein, Pauline",AUTHOR
845,173,"Ziegler, Franziska",AUTHOR
846,173,"Voß, Heinz-Jürgen",CONTRIBUTOR
847,173,"Schütz, Esther Elisabeth",CONTRIBUTOR
848,174,"Thalhammer, Regina",AUTHOR
849,174,"Nguyen, Natalie",AUTHOR
850,174,"Meyer, Gabriele",AUTHOR
851,174,"Skudlik, Stefanie",AUTHOR
852,174,"Müller, Martin Christian",AUTHOR
853,174,"Beutner, Katrin",AUTHOR
854,175,"Melcher, Lysanne",AUTHOR
855,175,"Metzner, Rayla",CONTRIBUTOR
856,175,"Menting, Erich",CONTRIBUTOR
857,176,"Bender, Pauline",AUTHOR
858,176,"Böhm, Maika",CONTRIBUTOR
859,176,"Urban, Maria",CONTRIBUTOR
860,177,"Akiner, Shirin",AUTHOR
861,178,"Streit, Fabian",AUTHOR
862,178,"Mikolajczyk, Rafael",AUTHOR
863,178,"Führer, Amand-Gabriel",AUTHOR
864,178,[und viele weitere],AUTHOR
865,179,"Lehberger, Mira",AUTHOR
866,179,"Hirschauer, Norbert, Prof. Dr.",CONTRIBUTOR
867,179,"Mußhoff, Oliver, Prof. Dr.",CONTRIBUTOR
868,180,"Hottenroth, Daniela",AUTHOR
869,180,"Lindner, Martin",CONTRIBUTOR
870,180,"Schrüfer, Gabriele",CONTRIBUTOR
871,180,"Peter, Carina",CONTRIBUTOR
872,181,"Midaksa, Miresa",AUTHOR
873,181,"Destaw, Alemnew",AUTHOR
874,181,"Getachew Kelbore, Sefonias",AUTHOR
875,181,"Tamrat, Dagnachew",AUTHOR
876,181,"Hussen Lobi, Husnia",AUTHOR
877,181,"Addissie, Adamu",AUTHOR
878,181,"Kantelhardt, Eva Johanna",AUTHOR
879,181,"Gizaw, Muluken",AUTHOR
880,182,"Fink, Franziska",AUTHOR
881,182,"Paulicke, Denny",AUTHOR
882,182,"Grünthal, Martin",AUTHOR
883,182,"Jahn, Patrick",AUTHOR
884,183,"Deppe, Ulrike",AUTHOR
885,184,"Lehr, Ursula",AUTHOR
886,184,"Thomae, Hans",AUTHOR
887,184,"Leinich, Lena",AUTHOR
888,185,"Klinkhart, Felix",AUTHOR
889,185,"Barsch, Gundula",CONTRIBUTOR
890,186,"Belizan, Maria",AUTHOR
891,186,"Chaparro, R Martin",AUTHOR
892,186,"Santero, Marilina",AUTHOR
893,186,"Elorriaga, Natalia",AUTHOR
894,186,"Kartschmit, Nadja",AUTHOR
895,186,"Rubinstein, Adolfo L.",AUTHOR
896,186,"Irazola, Vilma E.",AUTHOR
897,187,"Auge, Yelva",AUTHOR
898,187,"Ringel, Florian",AUTHOR
899,188,"Rausch, Patrizia",AUTHOR
900,188,"Quent, Matthias",CONTRIBUTOR
901,188,"Nothelle, Claudia",CONTRIBUTOR
902,189,"Ingram, Jenni",AUTHOR
903,189,"Abbott, Ashley",AUTHOR
904,189,"Smith, Kyla",AUTHOR
905,189,"Planas, Núria",AUTHOR
906,189,"Erath, Kirstin",AUTHOR
907,190,"Gundlack, Jana",AUTHOR
908,190,"Thiel, Carolin",AUTHOR
909,190,"Negash, Sarah",AUTHOR
910,190,"Buch, Charlotte",AUTHOR
911,190,"Apfelbacher, Timo",AUTHOR
912,190,"Denny, Kathleen",AUTHOR
913,190,"Christoph, Jan",AUTHOR
914,190,"Mikolajczyk, Rafael",AUTHOR
915,190,"Unverzagt, Susanne",AUTHOR
916,190,"Frese, Thomas",AUTHOR
917,191,"Hasubick, Nadine",AUTHOR
918,191,"Urban, Maria",CONTRIBUTOR
919,191,"Voß, Heinz-Jürgen",CONTRIBUTOR
920,192,"Thiel, Carolin",AUTHOR
921,192,"Frese, Thomas",CONTRIBUTOR
922,192,"Watzke, Stefan",CONTRIBUTOR
923,192,"Bleckwenn, Markus",CONTRIBUTOR
924,193,"Buch, Charlotte",AUTHOR
925,193,"Schildmann, Jan",CONTRIBUTOR
926,193,"Primc, Nadia",CONTRIBUTOR
927,194,"Rupieper, Hermann-Josef",AUTHOR
928,194,"Bohse, Daniel",CONTRIBUTOR
929,194,"Middendorf, Stefanie",CONTRIBUTOR
930,194,"Wüstenhagen, Jana",CONTRIBUTOR
931,195,"Kerll, Juliane",AUTHOR
932,195,"Wagner, Bernd",AUTHOR
933,196,"Steffes, Claudia",AUTHOR
934,196,"Böhm, Maika",CONTRIBUTOR
935,196,"Weller, Cornelia",CONTRIBUTOR
936,197,"Gronowski, Freeda Catherine",AUTHOR
937,197,"Eger, Nana",CONTRIBUTOR
938,197,"Barsch, Gundula",CONTRIBUTOR
939,198,"Geist, Lisa",AUTHOR
940,198,"Immenschuh, Ursula",AUTHOR
941,198,"Jahn, Patrick",AUTHOR
942,198,"Paulicke, Denny",AUTHOR
943,198,"Zilezinski, Max",AUTHOR
944,198,"Buhtz, Christian",AUTHOR
945,198,"Hofstetter, Sebastian",AUTHOR
946,199,"Hirt, Julian",AUTHOR
947,199,"Meyer, Gabriele",AUTHOR
948,199,"Beer, Thomas",AUTHOR
949,200,"Metelytsia, Volodymyr",AUTHOR
950,200,"Valentinov, Vladislav",AUTHOR
951,200,"Gagalyuk, Taras",AUTHOR
952,201,"Schulte, Nicole",AUTHOR
953,201,"Radke, J., Prof. Dr.",CONTRIBUTOR
954,201,"Koch, T., Prof. Dr.",CONTRIBUTOR
955,202,"Salzmann, Elisabeth",AUTHOR
956,202,"Andreas, Elisabeth",CONTRIBUTOR
957,202,"Voß, Heinz-Jürgen",CONTRIBUTOR
958,203,"Marquart, Felix",AUTHOR
959,203,"Böhm, Maika",CONTRIBUTOR
960,203,"Andreas, Elisabeth",CONTRIBUTOR
961,204,"Renner, Tom",AUTHOR
962,204,"Lindner, Martin",CONTRIBUTOR
963,204,"Otto, Karl-Heinz",CONTRIBUTOR
964,205,"Murmann, Lydia",AUTHOR
965,206,"Bauernschmidt, Dorothee Brigitte",AUTHOR
966,206,"Wittmann, Janina",AUTHOR
967,206,"Bieber, Anja Martha",AUTHOR
968,206,"Meyer, Gabriele",AUTHOR
969,207,"Hacke, Deborah",AUTHOR
970,207,"Böhm, Maika",CONTRIBUTOR
971,208,"Nover, Hans-Dieter",AUTHOR
972,208,"Bohse, Daniel",CONTRIBUTOR
973,208,"Middendorf, Stefanie",CONTRIBUTOR
974,208,"Wüstenhagen, Jana",CONTRIBUTOR
975,209,"Selinger, Yvonne",AUTHOR
976,209,"Landenberger, Margarete, Prof. Dr.",CONTRIBUTOR
977,209,"Helm, Jürgen, PD",CONTRIBUTOR
978,209,"Them, Christa, Prof. Dr.",CONTRIBUTOR
979,210,"Pumphrey, India",AUTHOR
980,210,"Serventi, Furaha",AUTHOR
981,210,"Kahakwa, Atukuzwe",AUTHOR
982,210,"Massawe, Anna",AUTHOR
983,210,"Henke, Antje Annaliese",AUTHOR
984,210,"Henke, Oliver",AUTHOR
985,211,"Buhtz, Christian",AUTHOR
986,211,"Pulicke, Denny",AUTHOR
987,211,"Wolf, Mary",AUTHOR
988,211,"Hofstetter, Sebastian",AUTHOR
989,212,"Schlenkrich, Albert",AUTHOR
990,212,"Voß, Heinz-Jürgen",CONTRIBUTOR
991,212,"Pampel, Ralf",CONTRIBUTOR
992,213,"Greye, Hannah Dorothea",AUTHOR
993,213,"Henning, Stine",AUTHOR
994,213,"Freese, Kristina",AUTHOR
995,213,"Köhn, Andrea",AUTHOR
996,213,"Lux, Anke",AUTHOR
997,213,"Radusch, Anja",AUTHOR
998,213,"Redlich, Anke",AUTHOR
999,213,"Schleef, Daniela",AUTHOR
1000,213,"Seeger, Sven",AUTHOR
1001,213,"Thäle, Volker",AUTHOR
1002,213,"Rißmann, Anke",AUTHOR
1003,214,"Fuchs, Denise",AUTHOR
1004,214,"Stumpe, Harald",CONTRIBUTOR
1005,214,"Schütz, Esther Elisabeth",CONTRIBUTOR
1006,215,"Brecht, Anna",AUTHOR
1007,215,"Voß, Heinz-Jürgen",CONTRIBUTOR
1008,215,"Urban, Maria",CONTRIBUTOR
1009,216,"Weise, Friederike",AUTHOR
1010,216,"Günther, Thomas",CONTRIBUTOR
1011,216,"Gerhard, Markus",CONTRIBUTOR
1012,217,"Wartmann, Anja",AUTHOR
1013,217,"Behrens, Johann",CONTRIBUTOR
1014,217,"Ohlbrecht, Heike",CONTRIBUTOR
1015,217,"Watzke, Stefan",CONTRIBUTOR
1016,218,"Reuter, Marvin Alexander",AUTHOR
1017,218,"Herke, Max",AUTHOR
1018,218,"Richter, Matthias",AUTHOR
1019,218,"Diehl, Katharina",AUTHOR
1020,218,"Hoffmann, Stephanie",AUTHOR
1021,218,"Pischke, Claudia R.",AUTHOR
1022,218,"Dragano, Nico",AUTHOR
1023,219,"Franz, Shiney",AUTHOR
1024,219,"Behrens, Johann",CONTRIBUTOR
1025,219,"Mau, Wilfried",CONTRIBUTOR
1026,219,"Sailer, Michael",CONTRIBUTOR
1027,220,"Frouzanfar, Shayan",AUTHOR
1028,220,"Najafabadi, Maryam Omidi",AUTHOR
1029,220,"Mehdi Mirdamadi, Seyed",AUTHOR
1030,220,"Fürst, Christine",AUTHOR
1031,220,"Nicoleta-Sanda, Brisan",AUTHOR
1032,220,"Värnik, Rando",AUTHOR
1033,220,"Parra Acosta, Yenny Katherine",AUTHOR
1034,220,"Azadi, Hossein",AUTHOR
1035,221,"Götze, Kornelia",AUTHOR
1036,221,"Bausewein, Claudia",AUTHOR
1037,221,"Feddersen, Berend",AUTHOR
1038,221,"Fuchs, Angela",AUTHOR
1039,221,"Pepić, Amra",AUTHOR
1040,221,"Hummers, Eva",AUTHOR
1041,221,"Icks, Andrea",AUTHOR
1042,221,"Kirchner, Änne",AUTHOR
1043,221,"Kleinert, Evelyn",AUTHOR
1044,221,"Klosterhalfen, Stephanie Katharina",AUTHOR
1045,221,"Kolbe, Henrike",AUTHOR
1046,221,"Laag, Sonja",AUTHOR
1047,221,"Langner, Henriette",AUTHOR
1048,221,"Lezius, Susanne",AUTHOR
1049,221,"Meyer, Gabriele",AUTHOR
1050,221,"Montalbo, Joseph",AUTHOR
1051,221,"Nauck, Friedemann",AUTHOR
1052,221,"Reisinger, Christine",AUTHOR
1053,221,"Rieder, Nicola",AUTHOR
1054,221,"Schildmann, Jan",AUTHOR
1055,221,"Schunk, Michaela",AUTHOR
1056,221,"Stanze, Henrikje",AUTHOR
1057,221,"Vogel, Christiane",AUTHOR
1058,222,"Grebe, Inga",AUTHOR
1059,222,"Bohse, Daniel",CONTRIBUTOR
1060,222,"Middendorf, Stefanie",CONTRIBUTOR
1061,222,"Wüstenhagen, Jana",CONTRIBUTOR
1062,223,"Ecevit, Bülent",AUTHOR
1063,223,"Boghosian, Edward K.",AUTHOR
1064,223,Türkei,CONTRIBUTOR
1065,224,"Glantz, Christina",AUTHOR
1066,224,"Urban, Maria",CONTRIBUTOR
1067,224,"Böhm, Maika",CONTRIBUTOR
1068,225,"Wallraff, Uta",AUTHOR
1069,226,"Gemoll, Christin",AUTHOR
1070,226,"Voß, Heinz-Jürgen",CONTRIBUTOR
1071,226,"Gleß, Skadi",CONTRIBUTOR
1072,227,"Nielsen, Svenja",AUTHOR
1073,227,"Langensiepen, Sina",AUTHOR
1074,227,"Madi, Murielle",AUTHOR
1075,227,"Elissen, Maurice",AUTHOR
1076,227,"Stephan, Astrid",AUTHOR
1077,227,"Meyer, Gabriele",AUTHOR
1078,228,"Toffol, Tara",AUTHOR
1079,228,"Böhm, Maika",CONTRIBUTOR
1080,228,"Weller, Cornelia",CONTRIBUTOR
1081,229,"Grunert, Cathleen",AUTHOR
1082,229,"Ludwig, Katja",AUTHOR
1083,230,"Bühler, Felix",AUTHOR
1084,230,"Leinen, Andrea",AUTHOR
1085,230,"Schneider-Schelte, Helga",AUTHOR
1086,230,"Meyer, Gabriele",AUTHOR
1087,230,"Dichter, Martin Nikolaus",AUTHOR
1088,230,"Köpke, Sascha",AUTHOR
1089,230,"Wilm, Stefan",AUTHOR
1090,230,"Bieber, Anja Martha",AUTHOR
1091,231,"Rudolf, Lena Sophie",AUTHOR
1092,231,"Redlich, Antje Karen",CONTRIBUTOR
1093,231,"Weihrauch-Blüher, Susann",CONTRIBUTOR
1094,232,"Wolf, Evelyn",AUTHOR
1095,232,"Busch, Georg",CONTRIBUTOR
1096,232,"Gleithner, Kirsten",CONTRIBUTOR
1097,233,"Bramsiepe, Mirja Marie",AUTHOR
1098,234,"Stallmann, Katrin",AUTHOR
1099,234,"Weller, Konrad",CONTRIBUTOR
1100,234,"Weller, Cornelia",CONTRIBUTOR
1101,235,"Meyer, Thorsten",AUTHOR
1102,235,"Kleineke, Vera",AUTHOR
1103,235,"Stamer, Maren",AUTHOR
1104,236,"Gabes, Michaela",AUTHOR
1105,236,"Kann, Gesina",AUTHOR
1106,236,"Sommoggy, Julia",AUTHOR
1107,236,"Stute, Petra",AUTHOR
1108,236,"Apfelbacher, Christian",AUTHOR
1109,237,"Demmrich, Sarah",AUTHOR
1110,237,"Wolfradt, Uwe, Prof. Dr. Dr.",CONTRIBUTOR
1111,237,"Domsgen, Michael, Prof. Dr.",CONTRIBUTOR
1112,238,"Dreßler, Maria Georgia",AUTHOR
1113,238,"Meng, Michael",CONTRIBUTOR
1114,238,"Echterhoff, Martin",CONTRIBUTOR
1115,239,"Bärwalde, Tim",AUTHOR
1116,239,"Richter, Matthias",CONTRIBUTOR
1117,239,"Thyen, Ute",CONTRIBUTOR
1118,239,"Crepaz, Katharina",CONTRIBUTOR
1119,240,"Huke, Theresa",AUTHOR
1120,240,"Böckelmann, Irina",CONTRIBUTOR
1121,240,"Möckel, Martin",CONTRIBUTOR
1122,241,"Richter, Mechthild",AUTHOR
1123,241,"Clément, Céline",AUTHOR
1124,241,"Flavier, Eric",AUTHOR
1125,242,"Medina Maldonado, Venus Elizabeth",AUTHOR
1126,242,"Landenberger, M., Prof. Dr.",CONTRIBUTOR
1127,242,"Wienke, A., Prof. Dr.",CONTRIBUTOR
1128,242,"Camacaro, M., Prof. Dr.",CONTRIBUTOR
1129,243,"Msoka, Elizabeth F.",AUTHOR
1130,243,"Kantelhardt, Eva Johanna",AUTHOR
1131,243,"Joffe, Maureen",AUTHOR
1132,243,"Mmbaga, Blandina T.",AUTHOR
1133,243,[und viele weitere],AUTHOR
1134,244,"Madi, Murielle",AUTHOR
1135,244,"Nielsen, Svenja",AUTHOR
1136,244,"Schweitzer, Mona",AUTHOR
1137,244,"Meyer, Gabriele",AUTHOR
1138,244,[und viele weitere],AUTHOR
1139,245,unknown,AUTHOR
1140,245,International Campaign for Human Rights in Iran,CONTRIBUTOR
1141,246,"Niemann, Jana-Kristin",AUTHOR
1142,246,"Glaum, Lisa",AUTHOR
1143,246,"Jepsen, Dennis",AUTHOR
1144,246,"Hofmann, Lea Josefin",AUTHOR
1145,246,"Schenk, Liane",AUTHOR
1146,246,"Führer, Amand-Gabriel",AUTHOR
1147,247,"Stolpe, Susanne",AUTHOR
1148,247,"Kowall, Bernd",AUTHOR
1149,247,"Werdan, Karl",AUTHOR
1150,247,"Zeymer, Uwe",AUTHOR
1151,247,"Bestehorn, Kurt",AUTHOR
1152,247,"Weber, Michael A.",AUTHOR
1153,247,"Schneider, Steffen",AUTHOR
1154,247,"Stang, Andreas",AUTHOR
1155,248,"Albrecht, Silke Cornelia",AUTHOR
1156,248,"Steger, F., Prof. Dr.",CONTRIBUTOR
1157,248,"Karenberg, A., Prof. Dr.",CONTRIBUTOR
1158,248,"Rotzoll, M., PD Dr.",CONTRIBUTOR
1159,249,"Striebich, Sabine",AUTHOR
1160,249,"Meyer, Gabriele",CONTRIBUTOR
1161,249,"Groß, Mechthild",CONTRIBUTOR
1162,249,"Schleußner, Ekkehard",CONTRIBUTOR
1163,250,"Blochwitz, Melanie",AUTHOR
1164,250,"Böhm, Maika",CONTRIBUTOR
1165,250,"Stumpe, Harald",CONTRIBUTOR
1166,251,"Weibel, Patrizia",AUTHOR
1167,251,"Jufer, Heinz",CONTRIBUTOR
1168,251,"Stumpe, Harald",CONTRIBUTOR
1169,252,"Ungpho, Rewadee",AUTHOR
1170,252,"Schwörer-Kohl , Gretel, Prof. Dr.",CONTRIBUTOR
1171,252,"Bröcker, Marianne, Prof. Dr.",CONTRIBUTOR
1172,253,"Samtlebe, Pascal",AUTHOR
1173,253,"Niemann, Jana-Kristin",AUTHOR
1174,253,"Markert, Jenny",AUTHOR
1175,253,"Knöchelmann, Anja",AUTHOR
1176,253,"Bernard, Marie",AUTHOR
1177,254,"Winkler, Karsten",AUTHOR
1178,255,"Torres-Reyes, Antonio",AUTHOR
1179,255,"Santos, Pablo S. C.",AUTHOR
1180,255,"Rodríguez León, Yanetsy Elisa",AUTHOR
1181,255,"Salas, Estefanie Quispe",AUTHOR
1182,255,"Mercado, Alessandra Gudila Rodriguez",AUTHOR
1183,255,"Otieno, Melvine Anyango",AUTHOR
1184,255,"Achiri, Elvis Ndikum",AUTHOR
1185,255,"Kantelhardt, Jan W.",AUTHOR
1186,255,"Wienke, Andreas",AUTHOR
1187,255,"Schlüter, Jan",AUTHOR
1188,255,"Kantelhardt, Eva Johanna",AUTHOR
1189,256,"Lyamuya, Tecla",AUTHOR
1190,256,"Mchome, Bariki",AUTHOR
1191,256,"Stroetmann, Clara Yolanda",AUTHOR
1192,256,"Machange, Rogathe",AUTHOR
1193,256,"Gizaw, Muluken",AUTHOR
1194,256,"Alemayehu, Rahel",AUTHOR
1195,256,"Addissie, Adamu",AUTHOR
1196,256,"Mlay, Pendo",AUTHOR
1197,256,"Mremi, Alex",AUTHOR
1198,256,"Kantelhardt, Eva Johanna",AUTHOR
1199,256,"Mmbaga, Blandina T.",AUTHOR
1200,257,"Haug, Simone",AUTHOR
1201,257,"Stumpe, Harald",CONTRIBUTOR
1202,257,"Kneubühler, Ben",CONTRIBUTOR
1203,258,"Heider, Maria",AUTHOR
1204,258,"Jähn, Chiara",AUTHOR
1205,258,"Voß, Heinz-Jürgen",CONTRIBUTOR
1206,258,"Metzner, Rayla",CONTRIBUTOR
1207,259,"Möller, Ulrike",AUTHOR
1208,259,"Auhagen, Wolfgang",CONTRIBUTOR
1209,259,"Näumann, Klaus",CONTRIBUTOR
1210,260,"Genzel, Susanne",AUTHOR
1211,261,"Strutz, Nicole Jennifer",AUTHOR
1212,261,"Meyer-Feil, Thorsten",AUTHOR
1213,261,"Schwesig, René",AUTHOR
1214,261,"Schulze, Stephan",AUTHOR
1215,261,"Gissendanner, Helen",AUTHOR
1216,262,"Schmidt, Carsten",AUTHOR
1217,262,"Günther, Klaus-Peter",AUTHOR
1218,262,"Goronzy, Jens",AUTHOR
1219,262,"Albrecht, Katinka",AUTHOR
1220,262,"Chenot, Jean-François",AUTHOR
1221,262,"Callhoff, Johanna",AUTHOR
1222,262,"Richter, Adrian",AUTHOR
1223,262,"Kasch, Richard",AUTHOR
1224,262,"Ahrens, Wolfgang",AUTHOR
1225,262,"Becher, Heiko",AUTHOR
1226,262,"Berger, Klaus",AUTHOR
1227,262,"Brenner, Hermann",AUTHOR
1228,262,"Fischer, Beate",AUTHOR
1229,262,"Franzke, Claus-Werner",AUTHOR
1230,262,"Hoffmann, Wolfgang",AUTHOR
1231,262,"Holleczek, Bernd",AUTHOR
1232,262,"Jaeschke, Lina",AUTHOR
1233,262,"Jenning, Carsten",AUTHOR
1234,262,"Jöckel, Karl-Heinz",AUTHOR
1235,262,"Kaaks, Rudolf",AUTHOR
1236,262,"Keil, Thomas",AUTHOR
1237,262,"Kluttig, Alexander",AUTHOR
1238,262,"Krause, Gérard",AUTHOR
1239,262,"Kuß, Oliver",AUTHOR
1240,262,"Leitzmann, Michael",AUTHOR
1241,262,"Lieb, Wolfgang",AUTHOR
1242,262,"Linseisen, Jakob",AUTHOR
1243,262,"Löffler, Markus",AUTHOR
1244,262,"Meinke-Franze, Claudia",AUTHOR
1245,262,"Meisinger, Christa",AUTHOR
1246,262,"Michels, Karin",AUTHOR
1247,262,"Mikolajczyk, Rafael",AUTHOR
1248,262,"Obi, Nadia",AUTHOR
1249,262,"Peters, Annette",AUTHOR
1250,262,"Pischon, Tobias",AUTHOR
1251,262,"Schikowski, Tamara",AUTHOR
1252,262,"Schipf, Sabine",AUTHOR
1253,262,"Specker, Christof",AUTHOR
1254,262,"Völzke, Henry",AUTHOR
1255,262,"Wirkner, Kerstin",AUTHOR
1256,262,"Zink, Angela",AUTHOR
1257,262,"Sander, Oliver",AUTHOR
1258,263,"Baltes-Schmitt, Marion",AUTHOR
1259,263,"Herber, Oliver Rudolf",AUTHOR
1260,263,"Meyer, Gabriele",AUTHOR
1261,263,"Stephan, Astrid",AUTHOR
1262,264,"Lehr, Ursula",AUTHOR
1263,264,"Thomae, Hans",AUTHOR
1264,264,"Leinich, Lena",AUTHOR
1265,265,"Güdel, Martina",AUTHOR
1266,265,"Böhm, Maika",CONTRIBUTOR
1267,265,"Kneubühler, Ben",CONTRIBUTOR
1268,266,"Kressmann, Kressmann",AUTHOR
1269,266,"Müller-Seeger, Julia",AUTHOR
1270,267,"Bungsu Machmud, Putri",AUTHOR
1271,267,"Führer, Amand-Gabriel",AUTHOR
1272,267,"Gottschick, Cornelia",AUTHOR
1273,267,"Mikolajczyk, Rafael",AUTHOR
1274,268,"Priew, Herbert",AUTHOR
1275,268,"Bohse, Daniel",CONTRIBUTOR
1276,268,"Middendorf, Stefanie",CONTRIBUTOR
1277,268,"Wüstenhagen, Jana",CONTRIBUTOR
1278,269,"Mortsiefer, Achim",AUTHOR
1279,269,"Löscher, Susanne",AUTHOR
1280,269,"Pashutina, Yekaterina",AUTHOR
1281,269,"Santos, Sara",AUTHOR
1282,269,"Altiner, Attila",AUTHOR
1283,269,"Drewelow, Eva",AUTHOR
1284,269,"Ritzke, Manuela",AUTHOR
1285,269,"Wollny, Anja",AUTHOR
1286,269,"Thürmann, Petra A.",AUTHOR
1287,269,"Bencheva, Veronika",AUTHOR
1288,269,"Gogolin, Matthias",AUTHOR
1289,269,"Meyer, Gabriele",AUTHOR
1290,269,"Abraham, Jens",AUTHOR
1291,269,"Fleischer, Steffen",AUTHOR
1292,269,"Icks, Andrea",AUTHOR
1293,269,"Montalbo, Joseph",AUTHOR
1294,269,"Wiese, Birgitt",AUTHOR
1295,269,"Wilm, Stefan",AUTHOR
1296,269,"Feldmeier, Gregor",AUTHOR
1297,270,"Raecke, Julia",AUTHOR
1298,270,"Proyer, René T.",AUTHOR
1299,271,"Eugster, Lea",AUTHOR
1300,271,"Schütz, Esther Elisabeth",CONTRIBUTOR
1301,271,"Voß, Heinz-Jürgen",CONTRIBUTOR
1302,272,"Chheang, Vuthea",AUTHOR
1303,272,"Fischer, Virve",AUTHOR
1304,272,"Buggenhagen, Holger",AUTHOR
1305,272,"Huber, Tobias",AUTHOR
1306,272,"Huettl, Florentine",AUTHOR
1307,272,"Kneist, Werner",AUTHOR
1308,272,"Preim, Bernhard",AUTHOR
1309,272,"Saalfeld, Patrick",AUTHOR
1310,272,"Hansen, Christian",AUTHOR
1311,273,"Thiel, Carolin",AUTHOR
1312,273,"Richter, Cynthia",AUTHOR
1313,273,"Zora Samos, Franziska-Antonia",AUTHOR
1314,273,"Heise, Marcus",AUTHOR
1315,273,"Frese, Thomas",AUTHOR
1316,273,"Fankhaenel, Thomas",AUTHOR
1317,274,"Preuss, Ulrich W.",AUTHOR
1318,274,"Hesselbrock, M. N.",AUTHOR
1319,274,"Hesselbrock, V. M.",AUTHOR
1320,275,"Handtke, Violet",AUTHOR
1321,275,"Meesters, Sophie",AUTHOR
1322,275,"Bazata, Jeremias",AUTHOR
1323,275,"Schildmann, Jan",AUTHOR
1324,275,"Bozzaro, Claudia",AUTHOR
1325,275,"Ostgathe, Christoph",AUTHOR
1326,275,"Bausewein, Claudia",AUTHOR
1327,275,"Klein, Carsten",AUTHOR
1328,275,"Schildmann, Eva",AUTHOR
1329,276,"Post, Anna",AUTHOR
1330,276,"Voß, Heinz-Jürgen",CONTRIBUTOR
1331,276,"Böhm, Maika",CONTRIBUTOR
1332,277,"Amrein, Janine",AUTHOR
1333,277,"Böhm, Maika",CONTRIBUTOR
1334,277,"Kneubühler, Ben",CONTRIBUTOR
1335,278,"Uhl, Matthias",AUTHOR
1336,278,"Bohse, Daniel",CONTRIBUTOR
1337,278,"Middendorf, Stefanie",CONTRIBUTOR
1338,278,"Wüstenhagen, Jana",CONTRIBUTOR
1339,279,"Schneemilch, Marianne Elisabeth",AUTHOR
1340,279,"Robra, Bernt-Peter",CONTRIBUTOR
1341,279,"Vollmar, Horst Christian",CONTRIBUTOR
1342,280,"Kimpel, Sarah",AUTHOR
1343,280,"Voß, Heinz-Jürgen",CONTRIBUTOR
1344,280,"Kubitza, Eva",CONTRIBUTOR
1345,281,"Nimptsch, Katharina",AUTHOR
1346,281,"Jaeschke, Lina",AUTHOR
1347,281,"Chang-Claude, Jenny",AUTHOR
1348,281,"Kaaks, Rudolf",AUTHOR
1349,281,"Grote, Verena",AUTHOR
1350,281,"Michels, Karin",AUTHOR
1351,281,"Franzke, Claus-Werner",AUTHOR
1352,281,"Obi, Nadia",AUTHOR
1353,281,"Becher, Heiko",AUTHOR
1354,281,"Kuß, Oliver",AUTHOR
1355,281,"Schikowski, Tamara",AUTHOR
1356,281,"Schulze, Matthias Bernd",AUTHOR
1357,281,"Gastell, Sylvia",AUTHOR
1358,281,"Hoffmann, Wolfgang",AUTHOR
1359,281,"Schipf, Sabine",AUTHOR
1360,281,"Ahrens, Wolfgang",AUTHOR
1361,281,"Günther, Kathrin",AUTHOR
1362,281,"Krist, Lilian",AUTHOR
1363,281,"Keil, Thomas",AUTHOR
1364,281,"Jöckel, Karl-Heinz",AUTHOR
1365,281,"Schmidt, Börge",AUTHOR
1366,281,"Brenner, Hermann",AUTHOR
1367,281,"Holleczek, Bernd",AUTHOR
1368,281,"Fischer, Beate",AUTHOR
1369,281,"Leitzmann, Michael",AUTHOR
1370,281,"Lieb, Wolfgang",AUTHOR
1371,281,"Berger, Klaus",AUTHOR
1372,281,"Krause, Gérard",AUTHOR
1373,281,"Löffler, Markus",AUTHOR
1374,281,"Schmidt-Pokrzywniak, Andrea",AUTHOR
1375,281,"Mikolajczyk, Rafael",AUTHOR
1376,281,"Linseisen, Jakob",AUTHOR
1377,281,"Greiser, Karin Halina",AUTHOR
1378,281,"Pischon, Tobias",AUTHOR
1379,282,"Krüger, Jacob",AUTHOR
1380,282,"Saake, Gunter",CONTRIBUTOR
1381,282,"Leich, Thomas",CONTRIBUTOR
1382,283,"Hörich, Saskia",AUTHOR
1383,283,"Böhm, Maika",CONTRIBUTOR
1384,283,"Tiltmann, Thomas",CONTRIBUTOR
1385,284,"Matthes, Dominique",AUTHOR
1386,285,"Koller, Jutta",AUTHOR
1387,285,"Meyer, Gabriele",CONTRIBUTOR
1388,285,"Stock, Manfred",CONTRIBUTOR
1389,285,"Mahler, Cornelia",CONTRIBUTOR
1390,286,"Knoop, Tobias",AUTHOR
1391,286,"Freymüller, Nadja",AUTHOR
1392,286,"Dettmers, Stephan",AUTHOR
1393,286,"Meyer-Feil, Thorsten",AUTHOR
1394,287,"Große Wortmann, Ralf",AUTHOR
1395,287,"Prof. Dr. Scholz, Heiko",CONTRIBUTOR
1396,287,"Dr. Deubel, Annette",CONTRIBUTOR
1397,288,"Unberath, Philipp",AUTHOR
1398,288,"Mahlmeister, Lukas",AUTHOR
1399,288,"Reimer, Niklas",AUTHOR
1400,288,"Busch, Hauke",AUTHOR
1401,288,"Boerries, Melanie",AUTHOR
1402,288,"Christoph, Jan",AUTHOR
1403,289,"Dongen, Lisa",AUTHOR
1404,289,"Suidman, Lisa",AUTHOR
1405,289,"Henriques, Maria Adriana",AUTHOR
1406,289,"Jónsdóttir, Helga",AUTHOR
1407,289,"Leino-Kilpi, Helena",AUTHOR
1408,289,"Luderer, Christiane",AUTHOR
1409,289,"Suhonen, Riitta",AUTHOR
1410,289,"Hafsteinsdóttir, Thóra B.",AUTHOR
1411,290,"von Mühlenen, Lea",AUTHOR
1412,290,"Kneubühler, Ben",CONTRIBUTOR
1413,290,"Voß, Heinz-Jürgen",CONTRIBUTOR
1414,291,"Schmucki, Tamara",AUTHOR
1415,291,"Schütz, Esther Elisabeth",CONTRIBUTOR
1416,291,"Kneubühler, Ben",CONTRIBUTOR
1417,292,"Sander, Marco",AUTHOR
1418,292,"Dano, Richard",AUTHOR
1419,292,"Bieber, Anja Martha",AUTHOR
1420,292,"Dammermann, Anna",AUTHOR
1421,292,"Fleischer, Steffen",AUTHOR
1422,292,"Dinand, Claudia",AUTHOR
1423,292,"Müller, Martin",AUTHOR
1424,292,"Möhler, Ralph",AUTHOR
1425,292,"Schultes, Kristin",AUTHOR
1426,292,"Köpke, Sascha",AUTHOR
1427,292,"Dichter, Martin N.",AUTHOR
1428,293,"Petersen, Julia",AUTHOR
1429,293,"Rösler, Ulrike",AUTHOR
1430,293,"Meyer, Gabriele",AUTHOR
1431,293,"Luderer, Christiane",AUTHOR
1432,294,"Richter, Mechthild",AUTHOR
1433,294,"Nishnik, Julian",AUTHOR
1434,294,"Borrmann, Alina",AUTHOR
1435,294,"Grummt, Marek",AUTHOR
1436,294,"Lindmeier, Christian",AUTHOR
1437,295,"Pantel, Johanna Lena",AUTHOR
1438,295,"Stumpe, Harald",CONTRIBUTOR
1439,295,"Sparmann, Julia",CONTRIBUTOR
1440,296,"Kuom, Lara",AUTHOR
1441,296,"Eger, Nana",CONTRIBUTOR
1442,296,"Konietzka, Skadi",CONTRIBUTOR
1443,297,"Bernard, Marie",AUTHOR
1444,297,"Hoffmann, Laura",AUTHOR
1445,297,"Richter, Matthias",AUTHOR
1446,297,"Völlm, Carina",AUTHOR
1447,297,"Fink, Astrid",AUTHOR
1448,297,"Dawal, Britta",AUTHOR
1449,298,"Richter, Marcel",AUTHOR
1450,298,"Menting, Erich",CONTRIBUTOR
1451,298,"Barsch, Gundula",CONTRIBUTOR
1452,299,"Krauß, Lydia",AUTHOR
1453,299,"Schmidt, Gerd",AUTHOR
1454,299,"Zierdt, Michael",AUTHOR
1455,299,"Frühauf, Manfred",AUTHOR
1456,300,"Alamsyah, Moh Sanni Mufti",AUTHOR
1457,300,"Bünning, Frank",CONTRIBUTOR
1458,300,"Kuhlee, Dina",CONTRIBUTOR
1459,301,"Wondimagegnehu, Abigiya",AUTHOR
1460,301,"Abate, Solomon Teferra",AUTHOR
1461,301,"Assefa, Mathewos",AUTHOR
1462,301,"Zebrack, Bradley",AUTHOR
1463,301,"Addissie, Adamu",AUTHOR
1464,301,"Kantelhardt, Eva Johanna",AUTHOR
1465,302,"Rescio, Susanna",AUTHOR
1466,302,"Voß, Heinz-Jürgen",CONTRIBUTOR
1467,302,"Stumpe, Harald",CONTRIBUTOR
1468,303,"Müller, Andreas",AUTHOR
1469,304,"Proske, Matthias",AUTHOR
1470,305,"Grigoleit, Christa",AUTHOR
1471,305,"Helsper, Werner, Prof. Dr.",CONTRIBUTOR
1472,305,"Kramer, Rolf-Thorsten, Prof. Dr.",CONTRIBUTOR
1473,306,"Ebner von Eschenbach, Malte",AUTHOR
1474,306,"Freide, Stephanie",AUTHOR
1475,306,"Rundel, Stefan",AUTHOR
1476,306,"Ebner von Eschenbach, Malte",CONTRIBUTOR
1477,306,"Freide, Stephanie",CONTRIBUTOR
1478,306,"Rundel, Stefan",CONTRIBUTOR
1479,306,"Budrich, Barbara",CONTRIBUTOR
1480,306,"Bock, Alyssa",CONTRIBUTOR
1481,307,"Denninger, Natascha-Elisabeth",AUTHOR
1482,307,"Brefka, Simone",AUTHOR
1483,307,"Meyer, Gabriele",AUTHOR
1484,307,"Benkert, Marlene",AUTHOR
1485,307,"Dallmeier Rojas, Dhayana Elizabeth",AUTHOR
1486,307,"Denkinger, Michael D.",AUTHOR
1487,307,"Müller, Martin",AUTHOR
1488,308,"Pacolli-Tabaku, Latife",AUTHOR
1489,308,"Führer, Amand-Gabriel",AUTHOR
1490,308,"Wahidie, Diana",AUTHOR
1491,308,"Tröhler, Ulrich",AUTHOR
1492,308,"Yılmaz-Aslan, Yüce",AUTHOR
1493,308,"Brzoska, Patrick",AUTHOR
1494,309,"Düzkan, Ayfle",AUTHOR
1495,309,"Ahiska, Meltem",AUTHOR
1496,310,"Gauch, Mirjam",AUTHOR
1497,310,"Spelter, Bianca",AUTHOR
1498,310,"Geschke, Katharina",AUTHOR
1499,310,"Köb, Anna-Lena",AUTHOR
1500,310,"Tüscher, Oliver",AUTHOR
1501,310,"Heinrich, Isabel",AUTHOR
1502,310,"Corsten, Sabine",AUTHOR
1503,311,"Aly Hazzaa, Walaaeldin",AUTHOR
1504,311,"Hottenrott, Laura",AUTHOR
1505,311,"Kamal, Manar Ahmed",AUTHOR
1506,311,"Mattes, Klaus",AUTHOR
1507,312,"Auge, Yelva",AUTHOR
1508,313,"Biddle, Stephen",AUTHOR
1509,313,"Friedman, Jeffrey A.",CONTRIBUTOR
1510,313,"Strategic Studies Institute <United States Army War College, Carlisle Barracks/Pa.>",CONTRIBUTOR
1511,314,"Leinert, Christoph",AUTHOR
1512,314,"Brefka, Simone",AUTHOR
1513,314,"Braisch, Ulrike",AUTHOR
1514,314,"Denninger, Natascha",AUTHOR
1515,314,"Müller, Martin",AUTHOR
1516,314,"Benzinger, Petra",AUTHOR
1517,314,"Bauer, Jürgen M.",AUTHOR
1518,314,"Bahrmann, Anke",AUTHOR
1519,314,"Frey, Norbert",AUTHOR
1520,314,"Katus, Hugo",AUTHOR
1521,314,"Geisler, Tobias",AUTHOR
1522,314,"Eschweiler, Gerhard W.",AUTHOR
1523,314,"Klaus, Jochen Gerhard",AUTHOR
1524,314,"Seufferlein, Thomas",AUTHOR
1525,314,"Schütze, Konrad",AUTHOR
1526,314,"Gebhard, Florian",AUTHOR
1527,314,"Dreyhaupt, Jens",AUTHOR
1528,314,"Muche, Rainer",AUTHOR
1529,314,"Pahmeier, Kathrin",AUTHOR
1530,314,"Biermann-Stallwitz, Janine",AUTHOR
1531,314,"Wasem, Jürgen",AUTHOR
1532,314,"Flagmeier, Lena",AUTHOR
1533,314,"Dallmeier Rojas, Dhayana Elizabeth",AUTHOR
1534,314,"Denkinger, Michael D.",AUTHOR
1535,315,"Breitenmoser, Petra",AUTHOR
1536,315,"Keller-Schneider, Manuela",AUTHOR
1537,316,"Völker, Maja",AUTHOR
1538,316,"Mikolajczyk, Rafael",AUTHOR
1539,316,[und viele weitere],AUTHOR
1540,317,"Jurgelucks, Andreas",AUTHOR
1541,317,"Stumpe, Harald",CONTRIBUTOR
1542,317,"Voß, Heinz-Jürgen",CONTRIBUTOR
1543,318,"Mantei, Christiane",AUTHOR
1544,318,"Opp, G., Prof.",CONTRIBUTOR
1545,318,"Fingerle, M., Prof.",CONTRIBUTOR
1546,319,"Breitenmoser, Petra",AUTHOR
1547,319,"Keller-Schneider, Manuela",AUTHOR
1548,320,"Schlosser, Patricia Evelyn",AUTHOR
1549,320,"Eger, Nana",CONTRIBUTOR
1550,320,"Venske, Frank",CONTRIBUTOR
1551,321,"Tilhahun, Abigiya",AUTHOR
1552,321,"Kantelhardt, Eva Johanna",CONTRIBUTOR
1553,321,"Voldermark, Dirk",CONTRIBUTOR
1554,321,"Böge, Kerem",CONTRIBUTOR
1555,322,"Schneider, Iris Tamara",AUTHOR
1556,322,"Meyer, Gabriele",CONTRIBUTOR
1557,322,"Tannen, Antje",CONTRIBUTOR
1558,322,"Mau, Wilfried",CONTRIBUTOR
1559,323,"Salinas-Quiroz, Fernando",AUTHOR
1560,323,"Aral, Tuğçe",AUTHOR
1561,323,"Hillekens, Jessie",AUTHOR
1562,323,"Hölscher, Sophie Ingrid Elisabeth",AUTHOR
1563,323,"Demos, Jocelyn",AUTHOR
1564,324,"Marx, Yvonne",AUTHOR
1565,324,"Frese, Thomas",AUTHOR
1566,324,"Bauer, Alexander",AUTHOR
1567,325,"Lukjantschuk, Leon",AUTHOR
1568,325,"Ballod, Matthias",CONTRIBUTOR
1569,325,"Petrik, Andreas",CONTRIBUTOR
1570,326,"Grünbaum, Robert",AUTHOR
1571,326,"Bohse, Daniel",CONTRIBUTOR
1572,326,"Middendorf, Stefanie",CONTRIBUTOR
1573,326,"Wüstenhagen, Jana",CONTRIBUTOR
1574,327,"Emmert, Tobias Friedwart",AUTHOR
1575,327,"Barsch, Gundula",CONTRIBUTOR
1576,327,"Menting, Erich",CONTRIBUTOR
1577,328,"Rausch, Christfried",AUTHOR
1578,328,"Schlenker-Schulte, Christa, Prof. Dr.",CONTRIBUTOR
1579,328,"Krüger, Heinz-Hermann, Prof. Dr.",CONTRIBUTOR
1580,329,"Ruddies, Friederike",AUTHOR
1581,329,"Gizaw, Muluken",AUTHOR
1582,329,"Teka, Brhanu",AUTHOR
1583,329,"Thies, Sarah",AUTHOR
1584,329,"Wienke, Andreas",AUTHOR
1585,329,"Kaufmann, Andreas M",AUTHOR
1586,329,"Abebe, Tamrat",AUTHOR
1587,329,"Addissie, Adamu",AUTHOR
1588,329,"Kantelhardt, Eva Johanna",AUTHOR
1589,330,"Shita, Abel",AUTHOR
1590,330,"Yalew, Alemayehu Worku",AUTHOR
1591,330,"Seife, Edom",AUTHOR
1592,330,"Afework, Tsion",AUTHOR
1593,330,"Tesfaw, Aragaw",AUTHOR
1594,330,"Gufue, Zenawi Hagos",AUTHOR
1595,330,"Rabe, Friedemann",AUTHOR
1596,330,"Taylor, Lesley",AUTHOR
1597,330,"Kantelhardt, Eva Johanna",AUTHOR
1598,330,"Getachew Kelbore, Sefonias",AUTHOR
1599,331,"Spieler, Ronny Paul",AUTHOR
1600,331,"Voß, Heinz-Jürgen",CONTRIBUTOR
1601,331,"Andreas, Elisabeth",CONTRIBUTOR
1602,332,"Eyerusalem, Getachew",AUTHOR
1603,332,"Gizaw, Muluken",AUTHOR
1604,332,"Anberber, Endale",AUTHOR
1605,332,"Shita, Abel",AUTHOR
1606,332,"Destaw, Alemnew",AUTHOR
1607,332,"Rossner, Sarah Sophie",AUTHOR
1608,332,"Tesfaw, Aragaw",AUTHOR
1609,332,"Addissie, Adamu",AUTHOR
1610,332,"Kantelhardt, Eva Johanna",AUTHOR
1611,332,"Kröber, Eric Sven",AUTHOR
1612,332,"Getachew Kelbore, Sefonias",AUTHOR
1613,333,"Ketemaa, Bezawit",AUTHOR
1614,333,"Kabaa, Mirgissa",AUTHOR
1615,333,"Negash, Sarah",AUTHOR
1616,333,"Addissiea, Adamu",AUTHOR
1617,333,"Kantelhardt, Eva Johanna",AUTHOR
1618,334,"Cocks, Kim",AUTHOR
1619,334,"Wells, Jane R.",AUTHOR
1620,334,"Johnson, Colin D.",AUTHOR
1621,334,"Schmidt, Heike Birgit",AUTHOR
1622,334,"Koller, Michael",AUTHOR
1623,334,"Oerlemans, Simone",AUTHOR
1624,334,"Velikova, Galina",AUTHOR
1625,334,"Pinto, Monica",AUTHOR
1626,334,"Tomaszewski, Krzysztof A.",AUTHOR
1627,334,"Aaronson, Neil K.",AUTHOR
1628,334,"Exall, Elizabeth",AUTHOR
1629,334,"Finbow, Chelsea",AUTHOR
1630,334,"Fitzsimmons, Deborah",AUTHOR
1631,334,"Grant, Laura",AUTHOR
1632,334,"Groenvold, Mogens",AUTHOR
1633,334,"Tolley, Chloe",AUTHOR
1634,334,"Wheelwright, Sally",AUTHOR
1635,334,"Bottomley, Andrew",AUTHOR
1636,335,"Grebe, Inga",AUTHOR
1637,335,"Bohse, Daniel",CONTRIBUTOR
1638,335,"Middendorf, Stefanie",CONTRIBUTOR
1639,335,"Wüstenhagen, Jana",CONTRIBUTOR
1640,336,"Deppe, Ulrike",AUTHOR
1641,336,"Krüger, Heinz-Hermann",AUTHOR
1642,337,"Hediger, Michele",AUTHOR
1643,337,"Böhm, Maika",CONTRIBUTOR
1644,337,"Kneubühler, Ben",CONTRIBUTOR
1645,338,"Jobski, Kathrin",AUTHOR
1646,338,"Ritschel, Michaela",AUTHOR
1647,338,"Pöggel-Krämer, Katja",AUTHOR
1648,338,"Anheier, Daniela",AUTHOR
1649,338,"Haastert, Burkhard",AUTHOR
1650,338,"Gontscharuk, Veronika",AUTHOR
1651,338,"Arend, Werner",AUTHOR
1652,338,"Baltes-Schmitt, Marion",AUTHOR
1653,338,"Stephan, Astrid",AUTHOR
1654,338,"Meyer, Gabriele",AUTHOR
1655,339,"Eysel, Isabel",AUTHOR
1656,339,"Mau, W., Prof. Dr.",CONTRIBUTOR
1657,339,"Behrens, J., Prof. Dr.",CONTRIBUTOR
1658,339,"Smolenski, U. C., Prof. Dr.",CONTRIBUTOR
1659,340,"Hirpa, Selamawit",AUTHOR
1660,340,"Dobbie, Fiona",AUTHOR
1661,340,"Fogarty, Andrew",AUTHOR
1662,340,"Addissie, Adamu",AUTHOR
1663,340,"Kaba, Mirgissa",AUTHOR
1664,340,"Frese, Thomas",AUTHOR
1665,340,"Unverzagt, Susanne",AUTHOR
1666,340,"Kantelhardt, Eva Johanna",AUTHOR
1667,340,"Siddiqi, Kamran",AUTHOR
1668,340,"Bauld, Linda",AUTHOR
1669,340,"Deressa, Wakgari",AUTHOR
1670,341,"Döbeli, Anne-Sophia",AUTHOR
1671,341,"Voß, Heinz-Jürgen",CONTRIBUTOR
1672,341,"Böhm, Maika",CONTRIBUTOR
1673,342,"González-Cabrera, Ernesto",AUTHOR
1674,342,"Cespón Castro, Roberto",AUTHOR
1675,342,"Coello Machado, Norge",AUTHOR
1676,342,"Glistau, Elke",AUTHOR
1677,343,"Dörfler, Heiner",AUTHOR
1678,343,"Neumann, Josef, Prof. Dr.",CONTRIBUTOR
1679,343,"Richter, Matthias, Prof. Dr.",CONTRIBUTOR
1680,343,"Walach, Harald, Prof. Dr.",CONTRIBUTOR
1681,344,"Ketema, Bezawit",AUTHOR
1682,344,"Addissie, Adamu",AUTHOR
1683,344,"Negash, Sarah",AUTHOR
1684,344,"Bekele, Mosisa",AUTHOR
1685,344,"Wienke, Andreas",AUTHOR
1686,344,"Kaba, Mirgissa",AUTHOR
1687,344,"Kantelhardt, Eva Johanna",AUTHOR
1688,345,"Berger-Höger, Birte",AUTHOR
1689,345,"Liethmann, Katrin",AUTHOR
1690,345,"Mühlhauser, Ingrid",AUTHOR
1691,345,"Steckelberg, Anke",AUTHOR
1692,346,"Weiß, Johanna Franziska",AUTHOR
1693,346,"Pillmann, Frank, PD Dr.",CONTRIBUTOR
1694,346,"Faller, Hermann, Prof. Dr.",CONTRIBUTOR
1695,346,"Bartels, Michael, PD Dr.",CONTRIBUTOR
1696,347,"Rudolph, Ines",AUTHOR
1697,347,"Stumpe, Harald",CONTRIBUTOR
1698,347,"Busch, Ulrike",CONTRIBUTOR
1699,348,"Stemmer, Emmie Mika",AUTHOR
1700,348,"Böhm, Maika",CONTRIBUTOR
1701,349,"Keimer, Marina",AUTHOR
1702,349,"Villis, Marten",AUTHOR
1703,349,"Christoph, Jan",AUTHOR
1704,349,"Rödle, Wolfgang",AUTHOR
1705,350,"Franke, Anja",AUTHOR
1706,350,"Voß, Heinz-Jürgen",CONTRIBUTOR
1707,350,"Urban, Maria",CONTRIBUTOR
1708,351,"Lähnemann, Christiane",AUTHOR
1709,352,"Bayer, Florian",AUTHOR
1710,352,"Maier, Ronald, Prof. Dr.",CONTRIBUTOR
1711,352,"Kraft, Gerhard, Prof. Dr.",CONTRIBUTOR
1712,353,"Hädrich, Thomas",AUTHOR
1713,354,"Ebert, Ruth-Sophia Ulrike",AUTHOR
1714,354,"Watzke, Stefan",CONTRIBUTOR
1715,354,"Giegling, Ina",CONTRIBUTOR
1716,354,"Stieglitz, Rolf-Dieter",CONTRIBUTOR
1717,355,"Rülke, Jana",AUTHOR
1718,355,"Rieckmann, Marco",AUTHOR
1719,355,"Nzau, Joslyn Muthio",AUTHOR
1720,355,"Teucher, Mike",AUTHOR
1721,356,"Kulig, Wolfram",AUTHOR
1722,357,"Albert, Kathleen",AUTHOR
1723,357,"Slesina, Wolfgang, Prof. Dr.",CONTRIBUTOR
1724,357,"Schütte, Wolfgang, Dr.",CONTRIBUTOR
1725,357,"Peter, Richard, Prof. Dr.",CONTRIBUTOR
1726,358,"Lueckmann, Sara L.",AUTHOR
1727,358,"Schumann, Nadine",AUTHOR
1728,358,"Kowalski, Christoph",AUTHOR
1729,358,"Richter, Matthias",AUTHOR
1730,359,"Akerlund, Tobias",AUTHOR
1731,360,"Müller, Andreas",AUTHOR
1732,361,"Kleinke, Matthias",AUTHOR
1733,361,"Brinkschulte, Eva",CONTRIBUTOR
1734,361,"Ohlbrecht, Heike",CONTRIBUTOR
1735,362,"Göppert, Katrin",AUTHOR
1736,362,"Böhm, Maika",CONTRIBUTOR
1737,362,"Urban, Maria",CONTRIBUTOR
1738,363,"Krone, Daniel",AUTHOR
1739,363,"Haerting, Johannes, Prof. Dr.",CONTRIBUTOR
1740,363,"Nowak, Dennis, Prof. Dr.",CONTRIBUTOR
1741,363,"Schütte, Wolfgang, Prof. Dr.",CONTRIBUTOR
1742,364,"Roick, Julia",AUTHOR
1743,364,"Danker, Helge",AUTHOR
1744,364,"Kersting, Anette",AUTHOR
1745,364,"Dietrich, Arne",AUTHOR
1746,364,"Dietz, Andreas",AUTHOR
1747,364,"Papsdorf, Kirsten",AUTHOR
1748,364,"Meixensberger, Jürgen",AUTHOR
1749,364,"Stolzenburg, Jens-Uwe",AUTHOR
1750,364,"Wirtz, Hubert",AUTHOR
1751,364,"Singer, Susanne",AUTHOR
1752,365,"Höfemann, Lara",AUTHOR
1753,365,"Voß, Heinz-Jürgen",CONTRIBUTOR
1754,365,"Dätsch, Christiane",CONTRIBUTOR
1755,366,"Rauhut, Chiara",AUTHOR
1756,366,"Urban, Maria",CONTRIBUTOR
1757,366,"Voß, Heinz-Jürgen",CONTRIBUTOR
1758,367,"Rupieper, Hermann-Josef",AUTHOR
1759,367,"Bohse, Daniel",CONTRIBUTOR
1760,367,"Middendorf, Stefanie",CONTRIBUTOR
1761,367,"Wüstenhagen, Jana",CONTRIBUTOR
1762,368,"Weinhold, Arlene Ines",AUTHOR
1763,368,"Hoffmann, Katrin",CONTRIBUTOR
1764,368,"Sackmann, Reinhold",CONTRIBUTOR
1765,368,"Böhm, Johann",CONTRIBUTOR
1766,369,"Krause, Stephan",AUTHOR
1767,369,"Stang, Andreas, Prof. Dr.",CONTRIBUTOR
1768,369,"Marsch, Wolfgang, Prof. Dr.",CONTRIBUTOR
1769,369,"Stockfleth, Eggert, Prof. Dr.",CONTRIBUTOR
1770,370,"Obermann, Mark",AUTHOR
1771,370,"Gebauer, Alexander",AUTHOR
1772,370,"Arweiler-Harbeck, Diana",AUTHOR
1773,370,"Lang, Stephan",AUTHOR
1774,370,"Seilheimer, Bernd",AUTHOR
1775,370,"Kleinschnitz, Christoph",AUTHOR
1776,370,"Diener, Hans-Christoph",AUTHOR
1777,370,"Holle-Lee, Dagny",AUTHOR
1778,370,"Naegel, Steffen",AUTHOR
1779,371,"Darius, Sabine",AUTHOR
1780,371,"Voigt-Zimmermann, Susanne",AUTHOR
1781,371,"Böckelmann, Irina",AUTHOR
1782,372,"Schildmann, Jan",AUTHOR
1783,372,"Cinci, Marc L.",AUTHOR
1784,372,"Kupsch, Leonie",AUTHOR
1785,372,"Oldenburg, Michael",AUTHOR
1786,372,"Wörmann, Bernhard",AUTHOR
1787,372,"Nadolny, Stephan",AUTHOR
1788,372,"Winkler, Eva C.",AUTHOR
1789,373,"Mey, Günter",AUTHOR
1790,373,"Niermann, Debora",AUTHOR
1791,373,"Panenka, Petra",AUTHOR
1792,373,"Weydmann, Nicole",AUTHOR
1793,374,"Kluttig, Alexander",AUTHOR
1794,375,"Hinneburg, Jana",AUTHOR
1795,375,"Lühnen, Julia",AUTHOR
1796,375,"Steckelberg, Anke",AUTHOR
1797,375,"Berger-Höger, Birte",AUTHOR
1798,376,"Omundo, Jared",AUTHOR
1799,376,"Stiehl, Simon A.",AUTHOR
1800,376,"Schulz, Michael",AUTHOR
1801,376,"Zingsheim, Andrea",AUTHOR
1802,377,"Zhang, Hui",AUTHOR
1803,378,"Paulicke, Denny",AUTHOR
1804,378,"Meyer, Gabriele",CONTRIBUTOR
1805,378,"Jahn, Patrick",CONTRIBUTOR
1806,378,"Kuhn, Sebastian",CONTRIBUTOR
1807,379,"Haase, Manuela",AUTHOR
1808,379,"Bosse, Michaelle",AUTHOR
1809,379,"Meyer, Gabriele",AUTHOR
1810,379,"Sackmann, Stefan",CONTRIBUTOR
1811,380,"Werner, Anne",AUTHOR
1812,380,"Steckelberg, Anke",AUTHOR
1813,380,"Strobel-Guht, Alexandra",AUTHOR
1814,380,"Wienke, Andreas",AUTHOR
1815,380,"Schmidt, Heike Birgit",AUTHOR
1816,380,"Vordermark, Dirk",AUTHOR
1817,380,"Michl, Patrick",AUTHOR
1818,380,"Westphalen, Christoph Benedikt",AUTHOR
1819,380,"Lühnen, Julia",AUTHOR
1820,381,"Höpner, Jens Ullrich",AUTHOR
1821,381,"Junge, Udo",AUTHOR
1822,381,"Schmidt-Pokrzywniak, Andrea",AUTHOR
1823,381,"Fischer, Christian",AUTHOR
1824,381,"Mikolajczyk, Rafael",AUTHOR
1825,382,"Ille, Enrico",AUTHOR
1826,382,"Rottenburg, Richard, Prof.",CONTRIBUTOR
1827,382,"Manger, Leif, Prof.",CONTRIBUTOR
1828,383,"Wilberger, Veronika",AUTHOR
1829,383,"Prof. Schindler, Ulrich",CONTRIBUTOR
1830,384,"Wagner, Konrad",AUTHOR
1831,384,"Huch, Stefan",CONTRIBUTOR
1832,384,"Schmeißer, Christian",CONTRIBUTOR
1833,385,"Eisenlohr, Daphne Charis",AUTHOR
1834,385,"Döring, Daniela",CONTRIBUTOR
1835,385,"Eger, Nana",CONTRIBUTOR
1836,386,"Imhof, Lena",AUTHOR
1837,386,"Bartels, Raphaele",AUTHOR
1838,386,"Blum, Karl",AUTHOR
1839,386,"Blume, Kai Svane",AUTHOR
1840,386,"Fleischer, Steffen",AUTHOR
1841,386,"Gottschalk, Susan",AUTHOR
1842,386,"Heber, Robin",AUTHOR
1843,386,"Horenkamp-Sonntag, Dirk",AUTHOR
1844,386,"Meyer, Gabriele",AUTHOR
1845,386,"Remppis, Bjoern-Andrew",AUTHOR
1846,386,"Schneider, Udo",AUTHOR
1847,386,"Schreyoegg, Jonas",AUTHOR
1848,386,"Winter, Vera",AUTHOR
1849,387,"Kusch, Kiana",AUTHOR
1850,387,"Prof. Dr. Send, Hendrik",CONTRIBUTOR
1852,387,"Stumpp, Stefan",CONTRIBUTOR
1853,388,"Gottschalk, Susan",AUTHOR
1854,388,"Meyer, Gabriele",AUTHOR
1855,388,"Haastert, Burkhard",AUTHOR
1856,388,"Abraham, Jens",AUTHOR
1857,389,"Heydrich, Lars",AUTHOR
1858,389,"Rachfall, Thomas",CONTRIBUTOR
1859,390,"Bunkus, Ramona",AUTHOR
1860,390,"Theesfeld, Insa",CONTRIBUTOR
1861,390,"Knieriem, Andrea",CONTRIBUTOR
1862,391,"Werner, Anne",AUTHOR
1863,391,"Lauberger, Julia",AUTHOR
1864,391,"Steckelberg, Anke",AUTHOR
1865,391,"Meyer, Gabriele",AUTHOR
1866,392,"Holthusen, Corinna",AUTHOR
1867,392,"Unverzagt, Susanne",CONTRIBUTOR
1868,392,"Thomssen, Christoph",CONTRIBUTOR
1869,392,"Hanson, Claudia",CONTRIBUTOR
1870,393,"Bob-Milliar, George M.",AUTHOR
1871,394,"Normann, Oliver Alexander",AUTHOR
1872,394,"Robra, Bernt-Peter",CONTRIBUTOR
1873,394,"Schwantes, Ulrich",CONTRIBUTOR
1874,395,"Müller, Timo",AUTHOR
1875,395,"Voß, Heinz-Jürgen",CONTRIBUTOR
1876,395,"Hartung, Franziska",CONTRIBUTOR
1877,396,"Forssman, Alice",AUTHOR
1878,396,"Menting, Erich",CONTRIBUTOR
1879,396,"Barsch, Gundula",CONTRIBUTOR
1880,397,"Wondimagegnehu, Abigiya",AUTHOR
1881,397,"Abebe, Workeabeba",AUTHOR
1882,397,"Hirpa, Selamawit",AUTHOR
1883,397,"Kantelhardt, Eva Johanna",AUTHOR
1884,397,"Addissie, Adamu",AUTHOR
1885,397,"Zebrack, Bradley",AUTHOR
1886,397,"Abate, Solomon Teferra",AUTHOR
1887,398,"Deppe, Ulrike",AUTHOR
1888,399,"Simovic, Liana Joëlle",AUTHOR
1889,399,"Kneubühler, Ben",CONTRIBUTOR
1890,399,"Voß, Heinz-Jürgen",CONTRIBUTOR
1891,400,"Hirsch, Anna Magdalena",AUTHOR
1892,400,"Zeugner, Marco",CONTRIBUTOR
1893,400,"Weitzel, Leif-Ascan",CONTRIBUTOR
1894,401,"Schröder, Sara Lena",AUTHOR
1895,401,"Richter, Matthias",CONTRIBUTOR
1896,401,"Spallek, Jacob",CONTRIBUTOR
1897,401,"Knesebeck, Olaf, von dem",CONTRIBUTOR
1898,402,"Behn, Claudia",AUTHOR
1899,402,"Schwörer-Kohl, Gretel",CONTRIBUTOR
1900,402,"Koch, Klaus-Peter",CONTRIBUTOR
1901,402,"Hirschmann, Wolfgang",CONTRIBUTOR
1902,403,"Rauschenberger, Maria",AUTHOR
1903,404,"Cheyre, Julia",AUTHOR
1904,404,"Robra, Bernt-Peter",CONTRIBUTOR
1905,404,"Schwantes, Ulrich",CONTRIBUTOR
1906,405,"Abraham, Jens",AUTHOR
1907,405,"Bake, Mareike",AUTHOR
1908,405,"Berger-Höger, Birte",AUTHOR
1909,405,"Köpke, Sascha",AUTHOR
1910,405,"Kupfer, Ramona",AUTHOR
1911,405,"Meyer, Gabriele",AUTHOR
1912,405,"Möhler, Ralph",AUTHOR
1913,406,"Posa, Andreas",AUTHOR
1914,406,"Kornhuber, Malte",AUTHOR
1915,407,"Strantz, Cosima",AUTHOR
1916,407,"Böhm, Dominik",AUTHOR
1917,407,"Ganslandt, Thomas",AUTHOR
1918,407,"Börries, Melanie",AUTHOR
1919,407,"Metzger, Patrick",AUTHOR
1920,407,"Pauli, Thomas Dieter",AUTHOR
1921,407,"Blaumeiser, Andreas",AUTHOR
1922,407,"Scheiter, Alexander",AUTHOR
1923,407,"Jung, Ian-Christopher",AUTHOR
1924,407,"Christoph, Jan",AUTHOR
1925,407,"Manuilova, Iryna",AUTHOR
1926,408,"Saal, Susanne",AUTHOR
1927,408,"Hoffmann, Falk",CONTRIBUTOR
1928,408,"Lüdtke, Kerstin",CONTRIBUTOR
1929,409,"Aghmashhadi, Amir H.",AUTHOR
1930,409,"Azizi, Ali",AUTHOR
1931,409,"Hoseinkhani, Maryam",AUTHOR
1932,409,"Zahedi, Samaneh",AUTHOR
1933,409,"Cirella, Giuseppe T.",AUTHOR
1934,410,"Ostgathe, Christoph",AUTHOR
1935,410,"Bausewein, Claudia",AUTHOR
1936,410,"Schildmann, Eva",AUTHOR
1937,410,"Bazata, Jeremias",AUTHOR
1938,410,"Heckel, Maria",AUTHOR
1939,410,"Kauzner, Saskia",AUTHOR
1940,410,"Klein, Carsten",AUTHOR
1941,410,"Krauss, Sabine H.",AUTHOR
1942,410,"Kremling, Alexander",AUTHOR
1943,410,"Schneider, Manuela",AUTHOR
1944,410,"Seifert, Andreas",AUTHOR
1945,410,"Ziegler, Kerstin Alexandra",AUTHOR
1946,410,"Jäger, Christian",AUTHOR
1947,410,"Schildmann, Jan",AUTHOR
1948,411,"Sperk, Alexander",AUTHOR
1949,411,"Bohse, Daniel",CONTRIBUTOR
1950,411,"Middendorf, Stefanie",CONTRIBUTOR
1951,411,"Wüstenhagen, Jana",CONTRIBUTOR
1952,412,"Atakli, Ibrahim",AUTHOR
1953,413,"Gauch, Mirjam",AUTHOR
1954,413,"Köb, Anna-Lena",AUTHOR
1955,413,"Tanase, Julia",AUTHOR
1956,413,"Feldmann, Julia",AUTHOR
1957,413,"Jochmann, Johanna",AUTHOR
1958,413,"Geschke, Katharina",AUTHOR
1959,413,"Klaus, Helen",AUTHOR
1960,413,"Tüscher, Oliver",AUTHOR
1961,413,"Heinrich, Isabel",AUTHOR
1962,413,"Corsten, Sabine",AUTHOR
1963,414,"Sube, Alexandra",AUTHOR
1964,414,"Mey, Günter",CONTRIBUTOR
1965,415,"Kellermann, Christoph",AUTHOR
1966,415,"Müller-Werdan, Ursula, Prof. Dr.",CONTRIBUTOR
1967,415,"Silber, Rolf-Edgar, Prof. Dr.",CONTRIBUTOR
1968,415,"Wehr, Michael H., Prof. Dr.",CONTRIBUTOR
1969,416,"Demeke, Abel Desalegn",AUTHOR
1970,416,"Deribe, Bedilu",AUTHOR
1971,416,"Girma, Martha",AUTHOR
1972,416,"Gizaw, Muluken",AUTHOR
1973,416,"Getachew Kelbore, Sefonias",AUTHOR
1974,416,"Unverzagt, Susanne",AUTHOR
1975,416,"Kantelhardt, Eva Johanna",AUTHOR
1976,416,"Ferrell, Betty",AUTHOR
1977,416,"Kröber, Eric Sven",AUTHOR
1978,416,"Taylor, Lesley",AUTHOR
1979,417,"Lehr, Ursula",AUTHOR
1980,417,"Thomae, Hans",AUTHOR
1981,417,"Leinich, Lena",AUTHOR
1982,418,"Hirsekorn, Nathalie",AUTHOR
1983,418,"Kneubühler, Ben",CONTRIBUTOR
1984,418,"Voß, Heinz-Jürgen",CONTRIBUTOR
1985,419,"Weckfuß, Janina",AUTHOR
1986,419,"Geene, Raimund",CONTRIBUTOR
1987,420,"Trabitzsch, Josephin",AUTHOR
1988,420,"Wondimagegnehu, Abigiya",AUTHOR
1989,420,"Afework, Tsion",AUTHOR
1990,420,"Stoeter, Ole",AUTHOR
1991,420,"Gizaw, Muluken",AUTHOR
1992,420,"Getachew Kelbore, Sefonias",AUTHOR
1993,420,"Feyisa, Jilcha Diribi",AUTHOR
1994,420,"Taylor, Lesley",AUTHOR
1995,420,"Wienke, Andreas",AUTHOR
1996,420,"Addissie, Adamu",AUTHOR
1997,420,"Kantelhardt, Eva Johanna",AUTHOR
1998,421,"Stemmer, Emmie Mika",AUTHOR
1999,421,"Prof. Dr. Böhm, Maika",CONTRIBUTOR
2000,422,"Kumar, Praveen",AUTHOR
2001,422,"Pandey, Rajiv",AUTHOR
2002,422,"Fürst, Christine",AUTHOR
2003,422,"Joshi, P. K.",AUTHOR
2004,423,"Wolff, Caroline",AUTHOR
2005,423,"Voß, Heinz-Jürgen",CONTRIBUTOR
2006,423,"Böhm, Maika",CONTRIBUTOR
2007,424,"Hofstetter, Sebastian",AUTHOR
2008,424,"Ritter-Herschbach, Madeleine",AUTHOR
2009,424,"Behr, Dominik",AUTHOR
2010,424,"Jahn, Patrick",AUTHOR
2011,425,"Zurlinden, Olivia",AUTHOR
2012,425,"Jufer, Heinz",CONTRIBUTOR
2013,425,"Weller, Konrad",CONTRIBUTOR
2014,426,"Graner, Vivien",AUTHOR
2015,426,"Alexander, Kerstin",CONTRIBUTOR
2016,426,"Sander, Theresa",CONTRIBUTOR
2017,427,"Mardenli, Abdulaziz",AUTHOR
2018,427,"Sackmann, Dirk",AUTHOR
2019,428,"Rath, Johanna",AUTHOR
2020,428,"Schwarzenau, Dieter",CONTRIBUTOR
2021,429,"Roick, Julia",AUTHOR
2022,429,"Berner, Reinhard",AUTHOR
2023,429,"Bernig, Toralf",AUTHOR
2024,429,"Erdlenbruch, Bernhard",AUTHOR
2025,429,"Escherich, Gabriele",AUTHOR
2026,429,"Faber, Jörg",AUTHOR
2027,429,"Klein, Christoph",AUTHOR
2028,429,"Bochennek, Konrad",AUTHOR
2029,429,"Kratz, Christian Peter",AUTHOR
2030,429,"Kühr, Joachim",AUTHOR
2031,429,"Längler, Alfred",AUTHOR
2032,429,"Lode, Holger N.",AUTHOR
2033,429,"Metzler, Markus",AUTHOR
2034,429,"Müller, Hermann L.",AUTHOR
2035,429,"Reinhardt, Dirk",AUTHOR
2036,429,"Sauerbrey, Axel",AUTHOR
2037,429,"Schepper, Florian",AUTHOR
2038,429,"Scheurlen, Wolfram",AUTHOR
2039,429,"Schneider, Dominik T.",AUTHOR
2040,429,"Schwabe, Georg Christof",AUTHOR
2041,429,"Richter, Matthias",AUTHOR
2042,430,"Marx, Yvonne",AUTHOR
2043,430,"Frese, Thomas",CONTRIBUTOR
2044,430,"Steckelberg, Anke",CONTRIBUTOR
2045,430,"Bleidorn, Jutta",CONTRIBUTOR
2046,431,"Paudyal, Priyamvada",AUTHOR
2047,431,"Apfelbacher, Christian",AUTHOR
2048,431,"Jones, Christina",AUTHOR
2049,431,"Siddiqui, Sana",AUTHOR
2050,431,"El-Turki, Aisha",AUTHOR
2051,431,"Degiovanni, Claudia",AUTHOR
2052,431,"Smith, Helen",AUTHOR
2053,432,"Pecher, Kati",AUTHOR
2054,432,"Klement, Andreas",CONTRIBUTOR
2055,432,"Jehle, Peter M.",CONTRIBUTOR
2056,432,"Ohlbrecht, Heike",CONTRIBUTOR
2057,433,"Bruns, Florian",AUTHOR
2058,433,"König, Christian",AUTHOR
2059,433,"Frese, Thomas",AUTHOR
2060,433,"Schildmann, Jan",AUTHOR
2061,434,"Krekeler, Julia",AUTHOR
2062,434,"Voß, Heinz-Jürgen",CONTRIBUTOR
2063,434,"Andreas, Elisabeth",CONTRIBUTOR
2064,435,"Thier-Lange, Rebecca",AUTHOR
2065,435,"Thaller, Nicole",AUTHOR
2066,435,"Laurer, Ellen",AUTHOR
2067,435,"Müller-Dittrich, Christine",AUTHOR
2068,435,"Wutzler, Michael",AUTHOR
2069,435,"Stiegler, André",AUTHOR
2070,435,"Thier-Lange, Rebecca",CONTRIBUTOR
2071,435,"Thaller, Nicole",CONTRIBUTOR
2072,435,"Laurer, Ellen",CONTRIBUTOR
2073,435,"Müller-Dittrich, Christine",CONTRIBUTOR
2074,435,"Wutzler, Michael",CONTRIBUTOR
2075,436,"Trabitzsch, Josephin",AUTHOR
2076,436,"Marquardt, Morena",AUTHOR
2077,436,"Negash, Sarah",AUTHOR
2078,436,"Belay, Winini",AUTHOR
2079,436,"Abebe, Yonas",AUTHOR
2080,436,"Seife, Edom",AUTHOR
2081,436,"Abdella, Kunuz",AUTHOR
2082,436,"Gizaw, Muluken",AUTHOR
2083,436,"Getachew Kelbore, Sefonias",AUTHOR
2084,436,"Addissie, Adamu",AUTHOR
2085,436,"Kantelhardt, Eva Johanna",AUTHOR
2086,436,"Wondimagegnehu, Abigiya",AUTHOR
2087,437,"Reinhardt, Andreas",AUTHOR
2088,437,"Schmidt, Susanne",CONTRIBUTOR
2089,437,"Raith, Matthias G.",CONTRIBUTOR
2090,438,"Schlegel, Simon",AUTHOR
2091,438,"Schorkowitz, Dittmar",CONTRIBUTOR
2092,438,"Kaneff, Deema",CONTRIBUTOR
2093,438,"Lehmann-Carli, Gabriela",CONTRIBUTOR
2094,439,"Nowak, A.",AUTHOR
2095,439,"Nadolny, S.",AUTHOR
2096,439,"Jahn, F.",AUTHOR
2097,439,"Schaffrath, J.",AUTHOR
2098,439,"Müller, L. P.",AUTHOR
2099,439,"Schildmann, Jan",AUTHOR
2100,440,"Lütscher, Samira",AUTHOR
2101,440,"Böhm, Maika",CONTRIBUTOR
2102,440,"Schütz, Esther Elisabeth",CONTRIBUTOR
